cluster_id,int_year,int_n_heat_waves,int_days_in_heat_wave,f_year_hw_tmax_vl,f_year_hw_tmin_vl,dt_first_hw_start_date,dt_last_hw_end_date
agg_prov-08_cluster-1,2006,1,3,1.01618954680436,0.499179401108904,2006-07-11,2006-07-13
agg_prov-08_cluster-1,2015,1,4,0.706848927102527,1.03776206562098,2015-07-15,2015-07-18
agg_prov-08_cluster-1,2017,1,4,2.3382535391395,1.70771571091484,2017-08-02,2017-08-05
agg_prov-08_cluster-1,2018,1,7,1.53113837546816,1.62408964667186,2018-07-31,2018-08-06
agg_prov-08_cluster-1,2019,1,3,2.54209122894218,0.668318906934947,2019-06-29,2019-07-01
agg_prov-08_cluster-1,2020,1,3,0.345549470774017,0.595055159290477,2020-08-09,2020-08-11
agg_prov-08_cluster-1,2021,1,4,3.82920207153802,1.37469415807102,2021-08-12,2021-08-15
agg_prov-08_cluster-1,2022,3,18,3.4650980900203,1.68022485488038,2022-07-15,2022-08-14
agg_prov-08_cluster-1,2023,1,7,3.60356436299458,2.81039779152656,2023-08-19,2023-08-25
agg_prov-08_cluster-1,2024,1,7,1.18181996782286,1.18082987509131,2024-08-06,2024-08-12
agg_prov-08_cluster-10,2012,1,6,2.64712751503095,1.24221922127085,2012-08-18,2012-08-23
agg_prov-08_cluster-10,2015,1,4,3.29607756012196,1.60241213367757,2015-07-05,2015-07-08
agg_prov-08_cluster-10,2017,1,6,1.64064049915774,0.572772010680931,2017-07-31,2017-08-05
agg_prov-08_cluster-10,2021,1,4,3.8119360997205,1.6648378475045,2021-08-12,2021-08-15
agg_prov-08_cluster-10,2022,1,8,1.50169953826455,1.50213010848388,2022-07-18,2022-07-25
agg_prov-08_cluster-10,2023,1,6,2.91841490315764,1.39898344894297,2023-08-20,2023-08-25
agg_prov-08_cluster-11,2017,1,4,1.75851933819445,1.46719738507211,2017-08-02,2017-08-05
agg_prov-08_cluster-11,2018,1,8,2.20805205400353,1.74951151584947,2018-07-30,2018-08-06
agg_prov-08_cluster-11,2021,1,4,3.60671618622108,1.14532115831179,2021-08-12,2021-08-15
agg_prov-08_cluster-11,2022,2,23,2.36893008468481,1.39235705298623,2022-07-15,2022-08-14
agg_prov-08_cluster-11,2023,1,7,3.56153513110537,2.93528984081144,2023-08-19,2023-08-25
agg_prov-08_cluster-11,2024,1,8,1.08776153511261,1.22843901886835,2024-08-06,2024-08-13
agg_prov-08_cluster-12,2006,1,5,1.96729601270022,0.920739319072561,2006-07-23,2006-07-27
agg_prov-08_cluster-12,2012,1,4,2.14189567931359,1.30924828384238,2012-08-20,2012-08-23
agg_prov-08_cluster-12,2015,1,3,2.54040160350833,0.628847595187021,2015-07-05,2015-07-07
agg_prov-08_cluster-12,2017,1,4,2.17485244431511,1.84096454920511,2017-08-02,2017-08-05
agg_prov-08_cluster-12,2018,1,7,1.27916098610772,1.71330100664772,2018-07-31,2018-08-06
agg_prov-08_cluster-12,2021,1,4,1.51156209237888,0.964460616474398,2021-08-12,2021-08-15
agg_prov-08_cluster-12,2022,2,17,1.8982048570281,1.72507635373769,2022-07-15,2022-08-13
agg_prov-08_cluster-12,2023,1,6,3.26290673313995,3.28576887073329,2023-08-20,2023-08-25
agg_prov-08_cluster-12,2024,1,9,0.849838999223165,1.25014581770853,2024-08-05,2024-08-13
agg_prov-08_cluster-13,2017,1,4,2.32365421198858,1.47150902401887,2017-08-02,2017-08-05
agg_prov-08_cluster-13,2018,1,8,2.30286465397744,1.56835304196078,2018-07-30,2018-08-06
agg_prov-08_cluster-13,2022,3,22,2.39529136349662,1.44118388847124,2022-07-15,2022-08-14
agg_prov-08_cluster-13,2023,1,7,3.16540255295273,2.51062575455381,2023-08-19,2023-08-25
agg_prov-08_cluster-13,2024,1,8,1.04457076623009,0.970344156851304,2024-08-06,2024-08-13
agg_prov-08_cluster-14,2012,1,4,2.04598913702475,1.61287494127357,2012-08-20,2012-08-23
agg_prov-08_cluster-14,2015,2,8,3.78959112440574,1.34304324959714,2015-07-05,2015-07-18
agg_prov-08_cluster-14,2017,1,5,1.73763940155201,1.66493091543014,2017-08-01,2017-08-05
agg_prov-08_cluster-14,2018,1,7,1.24688641236617,1.8786737693451,2018-07-31,2018-08-06
agg_prov-08_cluster-14,2019,1,3,2.97361543898724,1.65513099685065,2019-06-29,2019-07-01
agg_prov-08_cluster-14,2020,2,6,1.73842029063906,1.29818816072304,2020-07-30,2020-08-10
agg_prov-08_cluster-14,2021,1,4,3.61859476819343,2.20817269234692,2021-08-12,2021-08-15
agg_prov-08_cluster-14,2022,4,24,2.48178083318226,2.13259404583299,2022-06-15,2022-08-14
agg_prov-08_cluster-14,2023,1,8,2.77533400421393,2.8983335462629,2023-08-18,2023-08-25
agg_prov-08_cluster-14,2024,1,7,0.986774883344391,1.64678354948653,2024-08-06,2024-08-12
agg_prov-08_cluster-15,2017,1,4,1.74040000847027,1.56791437871426,2017-08-02,2017-08-05
agg_prov-08_cluster-15,2018,1,8,2.4286914024852,1.87802318488058,2018-07-30,2018-08-06
agg_prov-08_cluster-15,2020,1,3,0.295723387771507,0.407379016948804,2020-08-09,2020-08-11
agg_prov-08_cluster-15,2021,1,4,2.97771307974509,1.13291266308245,2021-08-12,2021-08-15
agg_prov-08_cluster-15,2022,2,23,2.34885738701421,1.60421938558095,2022-07-15,2022-08-14
agg_prov-08_cluster-15,2023,2,10,3.18815532434758,2.74805189682317,2023-08-15,2023-08-25
agg_prov-08_cluster-15,2024,1,13,1.07379678393732,1.28419037924296,2024-08-01,2024-08-13
agg_prov-08_cluster-16,2006,2,6,1.35327981507191,0.606062498399202,2006-07-23,2006-07-31
agg_prov-08_cluster-16,2012,1,3,0.923985724308845,0.95056801380783,2012-08-22,2012-08-24
agg_prov-08_cluster-16,2015,1,5,0.486419397144766,1.67313536801413,2015-07-20,2015-07-24
agg_prov-08_cluster-16,2017,1,4,1.44666496104054,1.37827675243385,2017-08-02,2017-08-05
agg_prov-08_cluster-16,2018,1,8,2.22032283096814,1.85047147595721,2018-07-30,2018-08-06
agg_prov-08_cluster-16,2020,2,6,1.07656449667593,0.637582054231454,2020-07-31,2020-08-11
agg_prov-08_cluster-16,2021,1,4,2.5489235035699,1.05920811463835,2021-08-12,2021-08-15
agg_prov-08_cluster-16,2022,2,23,2.21591265211759,1.59178485573042,2022-07-15,2022-08-14
agg_prov-08_cluster-16,2023,1,12,2.00553362198492,1.84420379782347,2023-08-14,2023-08-25
agg_prov-08_cluster-16,2024,1,13,1.0886241100374,1.32580580372962,2024-08-01,2024-08-13
agg_prov-08_cluster-17,2017,1,4,1.37589773658397,1.39660975292779,2017-08-02,2017-08-05
agg_prov-08_cluster-17,2018,1,8,2.18533346561181,1.88758818244163,2018-07-30,2018-08-06
agg_prov-08_cluster-17,2020,1,3,0.386716607812142,0.366720624383921,2020-08-09,2020-08-11
agg_prov-08_cluster-17,2021,1,5,2.63757305628789,1.16733807650139,2021-08-12,2021-08-16
agg_prov-08_cluster-17,2022,3,26,2.33355130603819,1.76138197015014,2022-07-15,2022-08-14
agg_prov-08_cluster-17,2023,1,7,3.34547935942926,3.00346287249503,2023-08-19,2023-08-25
agg_prov-08_cluster-17,2024,1,13,0.947786482983138,1.26653789209178,2024-08-01,2024-08-13
agg_prov-08_cluster-18,2015,1,4,0.544146005584437,0.843368223108925,2015-07-15,2015-07-18
agg_prov-08_cluster-18,2017,1,4,2.48762940352037,1.83252962813474,2017-08-02,2017-08-05
agg_prov-08_cluster-18,2018,1,7,1.73968615367749,1.67808828829793,2018-07-31,2018-08-06
agg_prov-08_cluster-18,2020,1,3,0.197347973185136,0.569100427005139,2020-08-09,2020-08-11
agg_prov-08_cluster-18,2021,1,4,3.34532739613638,1.22121800807396,2021-08-12,2021-08-15
agg_prov-08_cluster-18,2022,3,21,2.69213290861452,2.0066052519573,2022-07-15,2022-08-14
agg_prov-08_cluster-18,2023,1,7,3.37413179339057,2.75536035235988,2023-08-19,2023-08-25
agg_prov-08_cluster-18,2024,1,7,1.15577957703912,1.23397070219036,2024-08-06,2024-08-12
agg_prov-08_cluster-19,2017,1,4,2.30731565505818,1.597561953748,2017-08-02,2017-08-05
agg_prov-08_cluster-19,2018,1,8,2.18661419945591,1.63547587637618,2018-07-30,2018-08-06
agg_prov-08_cluster-19,2022,2,23,2.3148894148354,1.41123410159369,2022-07-15,2022-08-14
agg_prov-08_cluster-19,2023,1,7,3.32415385607952,2.7186894410004,2023-08-19,2023-08-25
agg_prov-08_cluster-19,2024,1,8,1.09183694564744,1.13317321695528,2024-08-06,2024-08-13
agg_prov-08_cluster-2,2006,1,3,2.07883997865315,1.16224085805627,2006-07-23,2006-07-25
agg_prov-08_cluster-2,2012,1,4,1.93213487418842,0.729123645959973,2012-08-20,2012-08-23
agg_prov-08_cluster-2,2017,1,4,2.09963108147502,1.87114069153209,2017-08-02,2017-08-05
agg_prov-08_cluster-2,2018,1,7,2.22836092703628,2.00147944913687,2018-07-31,2018-08-06
agg_prov-08_cluster-2,2021,1,4,1.79696798114709,1.18797672383484,2021-08-12,2021-08-15
agg_prov-08_cluster-2,2022,3,22,2.03072224420794,1.83315705218539,2022-07-15,2022-08-14
agg_prov-08_cluster-2,2023,1,6,3.29502648459736,3.09247265402165,2023-08-20,2023-08-25
agg_prov-08_cluster-2,2024,1,8,0.967262011743621,1.45778738321866,2024-08-06,2024-08-13
agg_prov-08_cluster-20,2017,1,4,1.63349535164215,1.49725809940146,2017-08-02,2017-08-05
agg_prov-08_cluster-20,2018,1,8,2.29511661686234,1.87003680403951,2018-07-30,2018-08-06
agg_prov-08_cluster-20,2020,1,3,0.347247433091809,0.341464484720689,2020-08-09,2020-08-11
agg_prov-08_cluster-20,2021,1,4,3.31486740119361,1.21937540068338,2021-08-12,2021-08-15
agg_prov-08_cluster-20,2022,2,23,2.35594331439326,1.55303293022157,2022-07-15,2022-08-14
agg_prov-08_cluster-20,2023,1,7,3.36941967018371,2.93705067074827,2023-08-19,2023-08-25
agg_prov-08_cluster-20,2024,1,13,1.02124180886465,1.24148005798873,2024-08-01,2024-08-13
agg_prov-08_cluster-21,2012,1,4,2.92023490838491,2.20800700929004,2012-08-20,2012-08-23
agg_prov-08_cluster-21,2017,1,4,2.16823728393243,1.47291815051585,2017-08-02,2017-08-05
agg_prov-08_cluster-21,2019,1,3,2.53493511817843,0.690655267884741,2019-06-29,2019-07-01
agg_prov-08_cluster-21,2021,1,4,3.26352946053764,1.4848709200494,2021-08-12,2021-08-15
agg_prov-08_cluster-21,2022,1,7,2.10134824661904,0.916126709153454,2022-07-16,2022-07-22
agg_prov-08_cluster-21,2023,1,6,3.14528847645098,2.21796848709813,2023-08-20,2023-08-25
agg_prov-08_cluster-21,2024,1,3,1.27710970620939,1.24087429911983,2024-08-08,2024-08-10
agg_prov-08_cluster-22,2012,1,4,2.65709394793296,1.64229735490977,2012-08-20,2012-08-23
agg_prov-08_cluster-22,2015,2,8,4.39574020980359,1.24827839358237,2015-07-05,2015-07-18
agg_prov-08_cluster-22,2017,1,4,2.53205148687142,1.56783015051109,2017-08-02,2017-08-05
agg_prov-08_cluster-22,2019,1,3,3.14789364082806,0.792102986648085,2019-06-29,2019-07-01
agg_prov-08_cluster-22,2021,1,4,3.97656493587078,1.58440174128208,2021-08-12,2021-08-15
agg_prov-08_cluster-22,2022,1,7,1.90535702638756,0.761628314291378,2022-07-16,2022-07-22
agg_prov-08_cluster-22,2023,1,7,3.32606950958804,2.58728944485383,2023-08-19,2023-08-25
agg_prov-08_cluster-22,2024,1,5,1.19931906260875,1.2836355000937,2024-08-08,2024-08-12
agg_prov-08_cluster-23,2006,1,3,1.81152679278104,1.20547926482783,2006-07-23,2006-07-25
agg_prov-08_cluster-23,2012,1,5,1.7560476598049,1.06712651962811,2012-08-20,2012-08-24
agg_prov-08_cluster-23,2015,1,3,2.7025072843406,0.513619753686536,2015-07-05,2015-07-07
agg_prov-08_cluster-23,2017,1,4,2.22900793616218,1.91841624984093,2017-08-02,2017-08-05
agg_prov-08_cluster-23,2018,1,7,1.27902265026408,1.72087566014445,2018-07-31,2018-08-06
agg_prov-08_cluster-23,2021,1,4,1.67363228807065,1.12040509175226,2021-08-12,2021-08-15
agg_prov-08_cluster-23,2022,3,21,1.85653419256054,1.69564680540615,2022-07-15,2022-08-13
agg_prov-08_cluster-23,2023,1,6,3.26108723814169,3.25617865273048,2023-08-20,2023-08-25
agg_prov-08_cluster-23,2024,1,7,1.03372968534302,1.52018627835974,2024-08-06,2024-08-12
agg_prov-08_cluster-24,2012,1,4,2.01497912799978,1.13211336391592,2012-08-20,2012-08-23
agg_prov-08_cluster-24,2015,2,7,3.55260824048817,0.903203789914443,2015-07-05,2015-07-18
agg_prov-08_cluster-24,2017,1,4,1.78875026156305,1.77197972256134,2017-08-02,2017-08-05
agg_prov-08_cluster-24,2018,1,7,1.90585800078777,1.98663641612527,2018-07-31,2018-08-06
agg_prov-08_cluster-24,2019,1,3,2.60991072446357,1.12708460973897,2019-06-29,2019-07-01
agg_prov-08_cluster-24,2020,1,3,0.585761293346328,0.822270205410007,2020-08-08,2020-08-10
agg_prov-08_cluster-24,2021,1,4,3.64868677633945,1.72290187392294,2021-08-12,2021-08-15
agg_prov-08_cluster-24,2022,2,22,2.05506163619216,1.6781625836525,2022-07-15,2022-08-14
agg_prov-08_cluster-24,2023,1,8,3.00829239263962,2.83199442076258,2023-08-18,2023-08-25
agg_prov-08_cluster-24,2024,1,7,1.05245096339682,1.43259893595176,2024-08-06,2024-08-12
agg_prov-08_cluster-25,2006,2,6,1.24958078434795,0.695945616147336,2006-07-23,2006-07-31
agg_prov-08_cluster-25,2012,1,3,0.907185073360627,0.957954259186427,2012-08-22,2012-08-24
agg_prov-08_cluster-25,2015,1,10,0.388676747619922,1.18681995764238,2015-07-15,2015-07-24
agg_prov-08_cluster-25,2017,1,4,1.27994949244457,1.27789690177786,2017-08-02,2017-08-05
agg_prov-08_cluster-25,2018,1,8,2.08312756694806,1.77576102073406,2018-07-30,2018-08-06
agg_prov-08_cluster-25,2019,1,3,0.383687748362282,1.25142238402723,2019-08-08,2019-08-10
agg_prov-08_cluster-25,2020,2,6,1.13441604505601,0.529183007086677,2020-07-31,2020-08-11
agg_prov-08_cluster-25,2021,1,4,2.27481676412452,0.94597267412847,2021-08-12,2021-08-15
agg_prov-08_cluster-25,2022,2,27,2.12727570272901,1.54811416101597,2022-07-15,2022-08-14
agg_prov-08_cluster-25,2023,1,12,1.96825745141821,1.86126811804683,2023-08-14,2023-08-25
agg_prov-08_cluster-25,2024,1,13,1.09266298560136,1.30723427836538,2024-08-01,2024-08-13
agg_prov-08_cluster-26,2006,1,3,2.034365058275,0.843383015365608,2006-07-23,2006-07-25
agg_prov-08_cluster-26,2017,1,4,2.1220236618171,1.71752833950333,2017-08-02,2017-08-05
agg_prov-08_cluster-26,2018,1,7,2.41876282300749,1.93424387582054,2018-07-31,2018-08-06
agg_prov-08_cluster-26,2021,1,4,2.06739696211619,1.00009262317914,2021-08-12,2021-08-15
agg_prov-08_cluster-26,2022,2,23,2.22405223362086,1.72076950787502,2022-07-15,2022-08-14
agg_prov-08_cluster-26,2023,1,6,3.4267353126738,2.96569944773472,2023-08-20,2023-08-25
agg_prov-08_cluster-26,2024,1,8,0.997183198973687,1.27109926090709,2024-08-06,2024-08-13
agg_prov-08_cluster-27,2012,1,5,2.08446448610147,1.2714896866504,2012-08-20,2012-08-24
agg_prov-08_cluster-27,2015,2,7,3.65331292845099,0.846290501520414,2015-07-05,2015-07-18
agg_prov-08_cluster-27,2017,1,4,2.47409433469171,1.8946093482833,2017-08-02,2017-08-05
agg_prov-08_cluster-27,2018,1,5,0.893698322916237,1.44946269752667,2018-08-01,2018-08-05
agg_prov-08_cluster-27,2019,1,3,2.19756428095847,0.586946128904022,2019-06-29,2019-07-01
agg_prov-08_cluster-27,2021,1,4,2.73215876550809,1.38036977185943,2021-08-12,2021-08-15
agg_prov-08_cluster-27,2022,4,17,2.90800238254369,1.63016423214809,2022-06-16,2022-08-14
agg_prov-08_cluster-27,2023,1,7,3.02941018743498,2.5951419248383,2023-08-19,2023-08-25
agg_prov-08_cluster-27,2024,1,5,1.27532082220422,1.55392161249714,2024-08-08,2024-08-12
agg_prov-08_cluster-3,2006,1,3,2.02039093830304,0.995669493755599,2006-07-23,2006-07-25
agg_prov-08_cluster-3,2012,1,4,2.60471987887988,1.29287925278791,2012-08-20,2012-08-23
agg_prov-08_cluster-3,2015,2,7,3.08581347393238,0.983949481207749,2015-07-05,2015-07-18
agg_prov-08_cluster-3,2017,1,4,2.40280100895062,1.72240376216226,2017-08-02,2017-08-05
agg_prov-08_cluster-3,2018,1,7,1.41331017159111,1.37618164840084,2018-07-31,2018-08-06
agg_prov-08_cluster-3,2022,5,23,2.04038823368323,1.69003986309431,2022-06-16,2022-08-13
agg_prov-08_cluster-3,2023,1,6,3.56835614713025,3.05444174862188,2023-08-20,2023-08-25
agg_prov-08_cluster-3,2024,1,6,1.25597556055622,1.60040770012401,2024-08-05,2024-08-10
agg_prov-08_cluster-4,2015,1,4,0.454920148388865,1.73365013824717,2015-07-21,2015-07-24
agg_prov-08_cluster-4,2017,1,3,1.67451921761517,1.32864304272001,2017-08-03,2017-08-05
agg_prov-08_cluster-4,2018,1,8,2.02928159558491,1.84872388642404,2018-07-30,2018-08-06
agg_prov-08_cluster-4,2020,2,6,1.28815369102061,0.599909197417579,2020-07-31,2020-08-11
agg_prov-08_cluster-4,2021,1,5,2.393063613717,1.04304719464707,2021-08-12,2021-08-16
agg_prov-08_cluster-4,2022,3,26,2.30636395722767,1.69144866273147,2022-07-15,2022-08-14
agg_prov-08_cluster-4,2023,1,11,2.19616637412763,2.09807895714515,2023-08-15,2023-08-25
agg_prov-08_cluster-4,2024,1,13,1.02245520242109,1.2958615667935,2024-08-01,2024-08-13
agg_prov-08_cluster-5,2012,1,4,2.11478216075876,1.56673114715996,2012-08-20,2012-08-23
agg_prov-08_cluster-5,2015,2,9,4.06010903851842,1.1367231905989,2015-07-05,2015-07-18
agg_prov-08_cluster-5,2017,1,4,2.01829799410486,1.92883659183939,2017-08-02,2017-08-05
agg_prov-08_cluster-5,2018,1,6,1.0460754433746,1.69347222151286,2018-08-01,2018-08-06
agg_prov-08_cluster-5,2019,1,3,2.99196876629374,1.31488129604196,2019-06-29,2019-07-01
agg_prov-08_cluster-5,2020,1,3,0.475272447935045,0.982902418972609,2020-08-08,2020-08-10
agg_prov-08_cluster-5,2021,1,4,3.70577239304023,1.89286679431343,2021-08-12,2021-08-15
agg_prov-08_cluster-5,2022,4,21,2.42195919010476,1.66060096672212,2022-06-15,2022-08-14
agg_prov-08_cluster-5,2023,1,8,2.83790372003703,2.68937373516953,2023-08-18,2023-08-25
agg_prov-08_cluster-5,2024,1,5,1.30841461969711,1.51307613378274,2024-08-08,2024-08-12
agg_prov-08_cluster-6,2012,1,6,3.31900055742473,1.818432776533,2012-08-18,2012-08-23
agg_prov-08_cluster-6,2017,1,4,1.87748250090628,1.08928467749959,2017-08-02,2017-08-05
agg_prov-08_cluster-6,2022,1,10,1.99989378742409,1.25336811480199,2022-07-16,2022-07-25
agg_prov-08_cluster-6,2023,1,6,2.46701627813855,1.53819026072255,2023-08-20,2023-08-25
agg_prov-08_cluster-6,2024,1,3,0.932276269599261,0.937478624825947,2024-08-08,2024-08-10
agg_prov-08_cluster-7,2012,1,3,1.2259540374161,1.09102507365657,2012-08-22,2012-08-24
agg_prov-08_cluster-7,2015,1,4,0.635938584447572,0.908432579354411,2015-07-15,2015-07-18
agg_prov-08_cluster-7,2017,1,4,2.64280041270902,1.88871237572998,2017-08-02,2017-08-05
agg_prov-08_cluster-7,2018,1,7,1.40843255655621,1.53424423314017,2018-07-31,2018-08-06
agg_prov-08_cluster-7,2019,1,3,2.24977882684093,0.448112178676581,2019-06-29,2019-07-01
agg_prov-08_cluster-7,2020,1,3,0.16801925232708,0.762072234041208,2020-08-09,2020-08-11
agg_prov-08_cluster-7,2021,1,4,3.29860347630226,1.32230269461688,2021-08-12,2021-08-15
agg_prov-08_cluster-7,2022,3,21,2.42402402964553,1.89580406164311,2022-07-15,2022-08-14
agg_prov-08_cluster-7,2023,1,7,3.35977550674007,2.75649693560963,2023-08-19,2023-08-25
agg_prov-08_cluster-7,2024,1,7,1.16732790732918,1.281879401494,2024-08-06,2024-08-12
agg_prov-08_cluster-8,2012,1,6,3.02954315951387,1.81170447961398,2012-08-18,2012-08-23
agg_prov-08_cluster-8,2017,1,4,2.2879257806872,1.32981694279106,2017-08-02,2017-08-05
agg_prov-08_cluster-8,2019,1,3,2.57657053238069,0.540883324932262,2019-06-29,2019-07-01
agg_prov-08_cluster-8,2021,1,4,3.26846897284712,1.25767523135667,2021-08-12,2021-08-15
agg_prov-08_cluster-8,2022,1,7,2.39638859379968,0.937477159538535,2022-07-16,2022-07-22
agg_prov-08_cluster-8,2023,1,6,3.08529283677876,1.92286191555837,2023-08-20,2023-08-25
agg_prov-08_cluster-8,2024,1,3,1.23679586936527,1.04530957889511,2024-08-08,2024-08-10
agg_prov-08_cluster-9,2012,1,4,1.51841649584803,0.980848454098393,2012-08-20,2012-08-23
agg_prov-08_cluster-9,2017,1,5,1.49902544060922,1.77024957467186,2017-08-01,2017-08-05
agg_prov-08_cluster-9,2018,1,7,1.97986791713542,2.23061096645045,2018-07-31,2018-08-06
agg_prov-08_cluster-9,2020,2,6,1.60366287423301,0.822727832352446,2020-07-31,2020-08-11
agg_prov-08_cluster-9,2021,1,5,3.02493403196538,1.40363449961873,2021-08-12,2021-08-16
agg_prov-08_cluster-9,2022,3,25,2.34144922458584,1.65491592884146,2022-07-15,2022-08-14
agg_prov-08_cluster-9,2023,1,7,3.40975553965036,3.09166575983103,2023-08-19,2023-08-25
agg_prov-08_cluster-9,2024,2,11,1.19009983054137,1.35009025946939,2024-08-01,2024-08-12
agg_prov-17_cluster-1,2006,1,4,1.01967861963485,1.2787023016426,2006-07-23,2006-07-26
agg_prov-17_cluster-1,2008,1,3,0.88288100715702,1.01353889227615,2008-08-04,2008-08-06
agg_prov-17_cluster-1,2010,1,3,0.971998678053372,0.887136144916402,2010-07-11,2010-07-13
agg_prov-17_cluster-1,2012,1,4,2.3720005329904,1.74355751325238,2012-08-20,2012-08-23
agg_prov-17_cluster-1,2018,1,8,1.5931146940443,1.70316822193085,2018-07-31,2018-08-07
agg_prov-17_cluster-1,2019,1,4,0.919356332006387,0.88948626001546,2019-07-22,2019-07-25
agg_prov-17_cluster-1,2020,1,3,1.48666930116169,0.544187509326453,2020-07-30,2020-08-01
agg_prov-17_cluster-1,2022,1,5,1.36570318098549,1.10018684269075,2022-07-15,2022-07-19
agg_prov-17_cluster-1,2023,1,6,2.98828613970065,2.64922056851717,2023-08-20,2023-08-25
agg_prov-17_cluster-1,2024,1,5,0.741093661708692,2.12438346882958,2024-08-06,2024-08-10
agg_prov-17_cluster-2,2006,1,3,1.09105332304392,0.846135681524743,2006-07-23,2006-07-25
agg_prov-17_cluster-2,2012,1,4,2.86695694955043,1.7879265001485,2012-08-20,2012-08-23
agg_prov-17_cluster-2,2015,2,7,4.05089575996912,1.34877172006369,2015-07-05,2015-07-18
agg_prov-17_cluster-2,2017,1,4,1.82210325130063,1.58195983812638,2017-08-02,2017-08-05
agg_prov-17_cluster-2,2018,1,5,1.28087867721799,1.48069117442651,2018-08-01,2018-08-05
agg_prov-17_cluster-2,2022,4,14,1.96769364342892,1.62121777626006,2022-06-16,2022-08-13
agg_prov-17_cluster-2,2023,1,6,3.13516819200779,2.58396479875801,2023-08-20,2023-08-25
agg_prov-17_cluster-2,2024,1,3,1.46489461640435,2.13041330511137,2024-08-08,2024-08-10
agg_prov-17_cluster-3,2006,2,8,1.9728262393897,1.35380071104402,2006-07-19,2006-07-27
agg_prov-17_cluster-3,2012,1,5,1.7745284718188,1.33387822706459,2012-08-20,2012-08-24
agg_prov-17_cluster-3,2015,1,4,3.55060190740312,1.28687275289009,2015-07-04,2015-07-07
agg_prov-17_cluster-3,2018,1,7,1.78492594010149,1.9473412999597,2018-07-31,2018-08-06
agg_prov-17_cluster-3,2019,1,5,0.688763877698432,0.745967557883068,2019-07-22,2019-07-26
agg_prov-17_cluster-3,2022,2,8,1.16202449975841,1.520051371572,2022-07-15,2022-08-04
agg_prov-17_cluster-3,2023,1,6,2.71802009787381,2.54889853013885,2023-08-20,2023-08-25
agg_prov-17_cluster-3,2024,1,6,0.787609345467625,2.336769328498,2024-08-05,2024-08-10
agg_prov-17_cluster-4,2006,1,4,1.68956846187106,1.85821435794676,2006-07-23,2006-07-26
agg_prov-17_cluster-4,2008,1,3,0.521297753073668,1.15171827532727,2008-08-04,2008-08-06
agg_prov-17_cluster-4,2012,1,3,1.85343425224727,1.91676325330015,2012-08-21,2012-08-23
agg_prov-17_cluster-4,2018,1,9,2.22119155738825,2.32407831951843,2018-07-30,2018-08-07
agg_prov-17_cluster-4,2019,1,4,0.817292693634698,1.11168514885867,2019-07-22,2019-07-25
agg_prov-17_cluster-4,2022,2,9,1.18674779089599,2.23990687386571,2022-07-15,2022-07-25
agg_prov-17_cluster-4,2023,1,6,2.58905784916903,2.58429864809509,2023-08-20,2023-08-25
agg_prov-17_cluster-4,2024,1,5,0.919243744845755,2.54802621844087,2024-08-06,2024-08-10
agg_prov-17_cluster-5,2006,1,9,1.32230836433827,0.932032878711387,2006-07-19,2006-07-27
agg_prov-17_cluster-5,2012,1,5,1.54655956222006,1.24832986837678,2012-08-20,2012-08-24
agg_prov-17_cluster-5,2013,1,3,0.473661078955161,0.372698608636445,2013-07-26,2013-07-28
agg_prov-17_cluster-5,2015,1,4,2.71973694850293,1.40877843016237,2015-07-04,2015-07-07
agg_prov-17_cluster-5,2018,1,7,1.51117208629419,1.67689280157803,2018-07-31,2018-08-06
agg_prov-17_cluster-5,2019,1,5,0.65518276366106,0.69601790551277,2019-07-22,2019-07-26
agg_prov-17_cluster-5,2022,3,13,1.03964997078753,1.59766498505027,2022-07-15,2022-08-13
agg_prov-17_cluster-5,2023,1,6,2.5626679747392,2.33871903939608,2023-08-20,2023-08-25
agg_prov-17_cluster-5,2024,1,6,0.870994980988741,2.12138486491372,2024-08-05,2024-08-10
agg_prov-17_cluster-6,2012,1,4,3.45526380661325,2.2554491184866,2012-08-20,2012-08-23
agg_prov-17_cluster-6,2015,1,4,4.43915287325974,0.870456097432751,2015-07-04,2015-07-07
agg_prov-17_cluster-6,2017,1,4,1.38258018477521,1.43579639221198,2017-08-02,2017-08-05
agg_prov-17_cluster-6,2018,1,4,0.861244972514712,1.28214474987001,2018-08-02,2018-08-05
agg_prov-17_cluster-6,2022,2,8,1.8136447123517,1.14023393714391,2022-06-16,2022-07-19
agg_prov-17_cluster-6,2023,1,6,2.78758680819792,2.33747826853031,2023-08-20,2023-08-25
agg_prov-17_cluster-6,2024,1,3,1.11365878491373,1.91626579697947,2024-08-08,2024-08-10
agg_prov-17_cluster-7,2006,1,3,2.10093821707718,1.17998530676484,2006-07-23,2006-07-25
agg_prov-17_cluster-7,2012,1,4,2.7934506197622,1.35860355227358,2012-08-20,2012-08-23
agg_prov-17_cluster-7,2015,2,7,3.71369067867571,1.36177671859597,2015-07-05,2015-07-18
agg_prov-17_cluster-7,2017,1,4,2.18969847359935,1.6817512975985,2017-08-02,2017-08-05
agg_prov-17_cluster-7,2018,1,7,1.86738854022553,1.44428316514463,2018-07-31,2018-08-06
agg_prov-17_cluster-7,2022,4,20,2.07696917059841,1.48457747183796,2022-07-15,2022-08-13
agg_prov-17_cluster-7,2023,1,6,3.5334021772316,2.81897757993091,2023-08-20,2023-08-25
agg_prov-17_cluster-7,2024,1,6,1.17519077848945,1.96544473752854,2024-08-05,2024-08-10
agg_prov-17_cluster-8,2006,1,4,1.64874849948426,0.96690717882079,2006-07-23,2006-07-26
agg_prov-17_cluster-8,2012,1,5,2.83705251658911,1.57550451749944,2012-08-20,2012-08-24
agg_prov-17_cluster-8,2015,1,4,4.79092004592701,1.10124280137292,2015-07-04,2015-07-07
agg_prov-17_cluster-8,2017,1,4,1.44449511453364,1.59284658492422,2017-08-02,2017-08-05
agg_prov-17_cluster-8,2018,1,6,1.81977244470978,1.74265872861366,2018-08-01,2018-08-06
agg_prov-17_cluster-8,2022,2,8,1.49046337981537,1.75712531888435,2022-07-15,2022-08-03
agg_prov-17_cluster-8,2023,1,6,3.21759946592979,2.64225927689768,2023-08-20,2023-08-25
agg_prov-17_cluster-8,2024,1,3,1.33963729913684,2.51738206124876,2024-08-08,2024-08-10
agg_prov-17_cluster-9,2012,1,7,2.55369293057722,1.24142408542,2012-08-18,2012-08-24
agg_prov-17_cluster-9,2015,1,4,3.48919668478331,1.39565538057441,2015-07-04,2015-07-07
agg_prov-17_cluster-9,2017,1,5,1.22306221549881,0.976110372549363,2017-08-01,2017-08-05
agg_prov-17_cluster-9,2019,1,4,0.590995185203155,0.616443690365102,2019-07-22,2019-07-25
agg_prov-17_cluster-9,2020,1,3,1.3353144756001,0.625375619272252,2020-07-30,2020-08-01
agg_prov-17_cluster-9,2021,1,4,2.12882215560995,1.64635550939812,2021-08-12,2021-08-15
agg_prov-17_cluster-9,2022,2,9,2.20245218538886,1.57309713837495,2022-07-16,2022-07-25
agg_prov-17_cluster-9,2023,1,6,2.08402880240931,1.61700166395267,2023-08-20,2023-08-25
agg_prov-25_cluster-1,2012,1,4,2.41403541606869,1.02461932985395,2012-08-18,2012-08-21
agg_prov-25_cluster-1,2015,2,8,3.03703106681068,1.71067177122406,2015-07-05,2015-07-17
agg_prov-25_cluster-1,2017,1,3,1.57094244560551,1.41038109682118,2017-08-03,2017-08-05
agg_prov-25_cluster-1,2019,1,4,3.36514054634793,0.981331936039538,2019-06-28,2019-07-01
agg_prov-25_cluster-1,2021,1,4,3.02427812910929,1.92456265108525,2021-08-12,2021-08-15
agg_prov-25_cluster-1,2022,2,9,2.57895361524425,1.65977515574348,2022-07-16,2022-07-25
agg_prov-25_cluster-1,2023,2,11,2.30623719222532,2.23154067485851,2023-07-17,2023-08-25
agg_prov-25_cluster-1,2024,2,8,2.32401991023505,1.73081298794151,2024-07-28,2024-08-12
agg_prov-25_cluster-2,2012,1,4,1.76913014402915,0.939326062947941,2012-08-19,2012-08-22
agg_prov-25_cluster-2,2015,2,8,2.62737947309778,1.22859697402583,2015-07-05,2015-07-17
agg_prov-25_cluster-2,2017,1,4,1.54120703291298,2.9580969959564,2017-08-02,2017-08-05
agg_prov-25_cluster-2,2018,1,7,1.08952418112899,2.24698890068885,2018-07-31,2018-08-06
agg_prov-25_cluster-2,2019,1,3,3.60474480302289,0.59250038721054,2019-06-29,2019-07-01
agg_prov-25_cluster-2,2020,2,6,2.52100778800044,1.06741755090815,2020-07-30,2020-08-10
agg_prov-25_cluster-2,2021,1,4,4.00231180718599,2.23957179224055,2021-08-12,2021-08-15
agg_prov-25_cluster-2,2022,4,15,3.35651397590568,2.03501092793109,2022-06-15,2022-08-13
agg_prov-25_cluster-2,2023,2,11,2.87039465997262,2.95409782420246,2023-08-10,2023-08-25
agg_prov-25_cluster-2,2024,1,8,1.52669960936284,1.60222641167039,2024-08-05,2024-08-12
agg_prov-25_cluster-3,2012,1,3,1.55613003244785,0.908315798418187,2012-08-19,2012-08-21
agg_prov-25_cluster-3,2015,1,3,2.89678792454284,1.06447030500739,2015-07-05,2015-07-07
agg_prov-25_cluster-3,2017,1,4,1.46019692099328,2.80978709020644,2017-08-02,2017-08-05
agg_prov-25_cluster-3,2018,1,6,1.74452122103327,2.412750112065,2018-07-31,2018-08-05
agg_prov-25_cluster-3,2019,1,3,3.08255396465343,0.471421636385571,2019-06-29,2019-07-01
agg_prov-25_cluster-3,2020,1,3,2.18566966914282,0.862075308417199,2020-07-30,2020-08-01
agg_prov-25_cluster-3,2021,1,4,4.07609804673289,1.88735999574705,2021-08-12,2021-08-15
agg_prov-25_cluster-3,2022,3,10,3.046131084115,2.19477157006215,2022-06-15,2022-08-13
agg_prov-25_cluster-3,2023,1,7,3.17570307528018,3.28931979330215,2023-08-19,2023-08-25
agg_prov-25_cluster-3,2024,1,8,1.16170989878623,1.3042816567124,2024-08-05,2024-08-12
agg_prov-43_cluster-1,2012,1,4,1.07640773716888,1.09240393160326,2012-08-20,2012-08-23
agg_prov-43_cluster-1,2015,1,3,0.21852985724153,1.39327331896887,2015-07-21,2015-07-23
agg_prov-43_cluster-1,2017,1,5,1.8717559872366,2.23051711552658,2017-08-01,2017-08-05
agg_prov-43_cluster-1,2018,1,6,2.11402781084614,2.32333259457109,2018-07-31,2018-08-05
agg_prov-43_cluster-1,2019,1,3,4.10258594112063,1.29694803142003,2019-06-28,2019-06-30
agg_prov-43_cluster-1,2020,2,6,1.72402476993091,0.931522653057433,2020-07-31,2020-08-10
agg_prov-43_cluster-1,2021,1,5,2.72733547899975,1.38953824753632,2021-08-12,2021-08-16
agg_prov-43_cluster-1,2022,4,23,2.93077928733,2.12411187085586,2022-07-16,2022-08-14
agg_prov-43_cluster-1,2023,1,7,3.05364253565538,3.02764161010982,2023-08-19,2023-08-25
agg_prov-43_cluster-1,2024,2,9,1.07733093969891,1.2344327542382,2024-08-01,2024-08-10
agg_prov-43_cluster-2,2017,1,3,2.11434240468503,2.0413688343355,2017-08-03,2017-08-05
agg_prov-43_cluster-2,2018,1,6,2.29638952446916,1.7242598389454,2018-07-31,2018-08-05
agg_prov-43_cluster-2,2021,1,4,2.9531538008797,1.28596053576128,2021-08-12,2021-08-15
agg_prov-43_cluster-2,2022,3,11,2.87656104637477,1.42899617012684,2022-07-15,2022-08-14
agg_prov-43_cluster-2,2023,1,7,3.26211102782802,3.06312260676728,2023-08-19,2023-08-25
agg_prov-43_cluster-2,2024,1,4,1.23977980426841,1.15095227367827,2024-08-07,2024-08-10
agg_prov-43_cluster-3,2012,1,3,0.937816044375495,0.918281616816974,2012-08-20,2012-08-22
agg_prov-43_cluster-3,2015,1,4,2.09981428688577,0.308824672229804,2015-07-05,2015-07-08
agg_prov-43_cluster-3,2017,1,5,1.73820588410313,2.17527629296075,2017-08-01,2017-08-05
agg_prov-43_cluster-3,2018,1,6,1.7245419534249,1.97072476582593,2018-07-31,2018-08-05
agg_prov-43_cluster-3,2019,2,7,4.0276587474691,1.47889045251297,2019-06-27,2019-08-09
agg_prov-43_cluster-3,2021,1,4,3.74645534996168,1.92548038280039,2021-08-12,2021-08-15
agg_prov-43_cluster-3,2022,4,16,2.2459350513715,1.5698423027923,2022-06-15,2022-08-14
agg_prov-43_cluster-3,2023,1,7,2.90662409722846,2.80470685753347,2023-08-19,2023-08-25
agg_prov-43_cluster-3,2024,1,6,1.2820794654964,1.24454574650357,2024-08-07,2024-08-12
agg_prov-43_cluster-4,2017,1,5,1.6629827069724,1.83506646718688,2017-08-01,2017-08-05
agg_prov-43_cluster-4,2018,1,4,2.92957478839361,2.81820117082476,2018-08-02,2018-08-05
agg_prov-43_cluster-4,2019,1,3,1.41545691170969,1.44297364598915,2019-08-07,2019-08-09
agg_prov-43_cluster-4,2020,1,3,1.5492490628024,0.535889258601306,2020-07-31,2020-08-02
agg_prov-43_cluster-4,2022,3,14,2.38004687816215,1.53896844621431,2022-07-15,2022-08-14
agg_prov-43_cluster-4,2023,1,7,2.86756602092864,2.82030751013851,2023-08-19,2023-08-25
agg_prov-43_cluster-4,2024,1,4,1.38038147316178,0.901029371950443,2024-08-07,2024-08-10
agg_prov-43_cluster-5,2006,2,6,0.751963106912399,0.754798784672213,2006-07-23,2006-08-02
agg_prov-43_cluster-5,2015,1,3,0.897815296157451,1.14523179260093,2015-07-27,2015-07-29
agg_prov-43_cluster-5,2017,1,3,2.0368130533026,1.4704215127746,2017-08-03,2017-08-05
agg_prov-43_cluster-5,2018,1,5,2.65935242662299,2.30432706674266,2018-08-02,2018-08-06
agg_prov-43_cluster-5,2019,1,3,1.62229630900083,1.92972466187382,2019-08-08,2019-08-10
agg_prov-43_cluster-5,2020,1,4,0.538244758252318,0.81733813573311,2020-07-30,2020-08-02
agg_prov-43_cluster-5,2022,3,19,2.69329356239646,1.5944794834911,2022-07-15,2022-08-14
agg_prov-43_cluster-5,2023,1,7,2.92075424162294,2.91843547664882,2023-08-19,2023-08-25
agg_prov-43_cluster-5,2024,1,4,0.880383658657962,1.00116831821455,2024-08-07,2024-08-10
agg_prov-43_cluster-6,2017,1,5,1.91723711572206,1.96349547396837,2017-08-01,2017-08-05
agg_prov-43_cluster-6,2018,1,7,2.06505743752086,2.07943919007554,2018-07-31,2018-08-06
agg_prov-43_cluster-6,2020,1,3,1.74923522197713,0.510445485001317,2020-07-31,2020-08-02
agg_prov-43_cluster-6,2021,1,4,2.73373349687451,1.16404464203997,2021-08-12,2021-08-15
agg_prov-43_cluster-6,2022,3,13,3.05814658782656,2.06464962349819,2022-07-24,2022-08-14
agg_prov-43_cluster-6,2023,1,6,3.45151956646641,2.77144497045476,2023-08-20,2023-08-25
agg_prov-43_cluster-6,2024,2,7,1.24568523594132,1.08367221609124,2024-08-01,2024-08-10
agg_prov-43_cluster-7,2017,1,5,1.67737871840733,1.57373909103228,2017-08-01,2017-08-05
agg_prov-43_cluster-7,2018,1,5,2.65947241380735,2.81810362897658,2018-08-02,2018-08-06
agg_prov-43_cluster-7,2020,1,3,1.49516276380545,0.366362682063463,2020-07-31,2020-08-02
agg_prov-43_cluster-7,2022,2,12,2.74333650770913,1.81011722601738,2022-08-01,2022-08-14
agg_prov-43_cluster-7,2023,1,6,3.30762554943035,2.51621825907818,2023-08-20,2023-08-25
keep_muni-080569,2006,2,6,1.38277184620586,0.860733959701899,2006-07-23,2006-07-31
keep_muni-080569,2012,1,3,1.08120828084933,0.872419176442634,2012-08-22,2012-08-24
keep_muni-080569,2015,1,10,0.460434298810185,1.08110973163525,2015-07-15,2015-07-24
keep_muni-080569,2017,1,4,1.3835994486418,1.35745398283083,2017-08-02,2017-08-05
keep_muni-080569,2018,1,8,2.0594676453556,1.94885591658087,2018-07-31,2018-08-07
keep_muni-080569,2019,1,3,0.414014583553675,1.14939306941001,2019-08-08,2019-08-10
keep_muni-080569,2020,1,3,1.08697891543807,0.333449407931122,2020-07-31,2020-08-02
keep_muni-080569,2021,1,4,2.17571198385183,0.776911016953875,2021-08-12,2021-08-15
keep_muni-080569,2022,2,28,2.14594359894335,1.47648273894927,2022-07-13,2022-08-14
keep_muni-080569,2023,1,13,1.87772280863281,1.79570507886895,2023-08-14,2023-08-26
keep_muni-080569,2024,1,13,1.15420952665928,1.2046091570615,2024-08-01,2024-08-13
keep_muni-080734,2006,2,6,1.66578185044587,0.578713108462087,2006-07-23,2006-07-31
keep_muni-080734,2012,1,3,1.12061853622079,0.696786645782292,2012-08-22,2012-08-24
keep_muni-080734,2015,1,5,0.507501695254325,1.56413309043253,2015-07-20,2015-07-24
keep_muni-080734,2017,1,4,1.82041138785745,1.59591677451638,2017-08-02,2017-08-05
keep_muni-080734,2018,1,8,2.46210538145181,1.79951422143553,2018-07-30,2018-08-06
keep_muni-080734,2020,1,3,0.268468691641279,0.314967409519568,2020-08-09,2020-08-11
keep_muni-080734,2021,1,4,2.69413027177578,0.955359212686375,2021-08-12,2021-08-15
keep_muni-080734,2022,2,23,2.36710411395667,1.55276731252383,2022-07-15,2022-08-14
keep_muni-080734,2023,2,11,3.15125901648115,2.5284940904474,2023-08-14,2023-08-25
keep_muni-080734,2024,1,13,1.12594186456683,1.18442506763685,2024-08-01,2024-08-13
keep_muni-080961,2006,1,3,1.92721069335937,0.79729146321616,2006-07-23,2006-07-25
keep_muni-080961,2017,1,4,2.3902310180664,1.91299377441408,2017-08-02,2017-08-05
keep_muni-080961,2018,1,7,1.75662615094866,1.77703360421318,2018-07-31,2018-08-06
keep_muni-080961,2021,1,4,1.90608489990234,1.25823150634767,2021-08-12,2021-08-15
keep_muni-080961,2022,4,21,2.22770202636718,2.25836502075197,2022-07-15,2022-08-14
keep_muni-080961,2023,1,6,3.21717854817708,3.15539489746095,2023-08-20,2023-08-25
keep_muni-080961,2024,1,7,0.849055175781245,1.40000636509488,2024-08-06,2024-08-12
keep_muni-081136,2012,1,4,2.60976209611039,1.3276547182401,2012-08-20,2012-08-23
keep_muni-081136,2015,2,9,4.44741804254077,1.03838163239759,2015-07-05,2015-07-18
keep_muni-081136,2017,1,4,2.54837104592846,1.57218701371484,2017-08-02,2017-08-05
keep_muni-081136,2018,1,6,1.25866463800092,1.18959583237248,2018-08-01,2018-08-06
keep_muni-081136,2021,1,4,3.74645272679398,1.25819119170227,2021-08-12,2021-08-15
keep_muni-081136,2022,3,15,3.09135346522555,1.63821510069519,2022-07-16,2022-08-14
keep_muni-081136,2023,1,7,3.72004580129607,2.8581110589358,2023-08-19,2023-08-25
keep_muni-081136,2024,1,5,1.48347569729827,1.22216401633602,2024-08-08,2024-08-12
keep_muni-081249,2017,1,4,2.49306392280647,1.60171058132505,2017-08-02,2017-08-05
keep_muni-081249,2018,1,7,2.2592181243138,1.61713213155299,2018-07-31,2018-08-06
keep_muni-081249,2022,3,22,2.16381376059685,1.4321578058898,2022-07-15,2022-08-14
keep_muni-081249,2023,1,6,3.75709341518085,2.88382301046147,2023-08-20,2023-08-25
keep_muni-081249,2024,1,8,1.04276856140461,1.09069329459344,2024-08-06,2024-08-13
keep_muni-081691,2006,2,6,1.60672810872395,1.10686848958337,2006-07-23,2006-07-31
keep_muni-081691,2012,1,3,1.35853881835936,0.567358398437534,2012-08-22,2012-08-24
keep_muni-081691,2015,1,10,0.587640380859364,0.912564086914097,2015-07-15,2015-07-24
keep_muni-081691,2017,1,4,1.58294219970702,1.54311218261722,2017-08-02,2017-08-05
keep_muni-081691,2018,1,8,2.16790695190429,1.831510925293,2018-07-31,2018-08-07
keep_muni-081691,2019,1,3,0.458076985677072,0.899287923177117,2019-08-08,2019-08-10
keep_muni-081691,2022,3,23,2.21085408528645,1.47454681396488,2022-07-14,2022-08-14
keep_muni-081691,2023,1,13,2.00850689227763,1.6270906888522,2023-08-14,2023-08-26
keep_muni-081691,2024,1,13,1.24428100585936,0.9811438927284,2024-08-01,2024-08-13
keep_muni-081846,2017,1,4,2.010315991876,1.5147896571456,2017-08-02,2017-08-05
keep_muni-081846,2018,1,8,2.26151220975866,1.70316255148545,2018-07-30,2018-08-06
keep_muni-081846,2022,2,22,2.4067557216779,1.29790170458613,2022-07-15,2022-08-14
keep_muni-081846,2023,1,7,3.57975872004266,2.86453293200209,2023-08-19,2023-08-25
keep_muni-081846,2024,1,8,1.16658085921942,1.18000666495718,2024-08-06,2024-08-13
keep_muni-082009,2006,2,6,1.50356431100558,0.903958900129434,2006-07-23,2006-07-31
keep_muni-082009,2012,1,3,1.19184520697663,0.743991729944601,2012-08-22,2012-08-24
keep_muni-082009,2015,1,8,0.49874922388063,1.25261658878766,2015-07-17,2015-07-24
keep_muni-082009,2017,1,4,1.52307476970165,1.46133126873632,2017-08-02,2017-08-05
keep_muni-082009,2018,1,8,2.13438194109753,1.91771339202698,2018-07-31,2018-08-07
keep_muni-082009,2019,1,3,0.401929465811084,1.0291735125492,2019-08-08,2019-08-10
keep_muni-082009,2022,2,19,2.20704332326049,1.46722678871195,2022-07-14,2022-08-14
keep_muni-082009,2023,1,13,1.94124919108521,1.71776466339775,2023-08-14,2023-08-26
keep_muni-082009,2024,1,13,1.18780115047488,1.11817383817064,2024-08-01,2024-08-13
keep_muni-082055,2017,1,4,2.03557647804695,1.58569102010148,2017-08-02,2017-08-05
keep_muni-082055,2018,1,8,2.3221932165045,1.75242351466365,2018-07-30,2018-08-06
keep_muni-082055,2022,2,23,2.35927593564149,1.43304390789824,2022-07-15,2022-08-14
keep_muni-082055,2023,1,7,3.32633467930359,2.78248265901208,2023-08-19,2023-08-25
keep_muni-082055,2024,1,8,1.09951877395388,1.20695259771838,2024-08-06,2024-08-13
keep_muni-082665,2017,1,4,2.15181098383852,1.57762485123575,2017-08-02,2017-08-05
keep_muni-082665,2018,1,8,2.2431922495934,1.68105119050344,2018-07-30,2018-08-06
keep_muni-082665,2022,2,22,2.33212160436461,1.38790486273258,2022-07-15,2022-08-14
keep_muni-082665,2023,1,7,3.3168418354422,2.78616487040336,2023-08-19,2023-08-25
keep_muni-082665,2024,1,8,1.06262679692598,1.1559295357419,2024-08-06,2024-08-13
keep_muni-083015,2006,2,6,1.43864681421417,0.935514256002553,2006-07-23,2006-07-31
keep_muni-083015,2012,1,3,1.15405464080874,0.794993282170954,2012-08-22,2012-08-24
keep_muni-083015,2015,1,10,0.4870569229951,1.027300572782,2015-07-15,2015-07-24
keep_muni-083015,2017,1,4,1.43016066763467,1.40750342041002,2017-08-02,2017-08-05
keep_muni-083015,2018,1,8,2.07630798276879,1.90834093077707,2018-07-31,2018-08-07
keep_muni-083015,2019,1,3,0.417141992802669,1.08125433497978,2019-08-08,2019-08-10
keep_muni-083015,2022,3,23,2.15220236319299,1.51664940877633,2022-07-14,2022-08-14
keep_muni-083015,2023,1,13,1.90427088502369,1.7442442961454,2023-08-14,2023-08-26
keep_muni-083015,2024,1,13,1.17170147781095,1.14257217432603,2024-08-01,2024-08-13
keep_muni-083073,2015,1,4,0.734286096215286,1.64072019400324,2015-07-21,2015-07-24
keep_muni-083073,2017,1,4,1.43787272369218,1.49191924957188,2017-08-02,2017-08-05
keep_muni-083073,2018,1,7,2.31096604166865,2.06826737001649,2018-07-31,2018-08-06
keep_muni-083073,2020,2,6,1.39162749652593,0.417188435603615,2020-07-31,2020-08-11
keep_muni-083073,2022,3,23,2.3460545891934,1.55345925944189,2022-07-15,2022-08-14
keep_muni-083073,2023,1,7,3.1743932636523,2.60470337044639,2023-08-19,2023-08-25
keep_muni-083073,2024,1,13,1.04530044972234,1.14653239162611,2024-08-01,2024-08-13
split_muni-080155_081944_cluster-1,2017,1,4,2.26291724311911,1.54661259003687,2017-08-02,2017-08-05
split_muni-080155_081944_cluster-1,2018,1,8,2.25052750720813,1.61484420592573,2018-07-30,2018-08-06
split_muni-080155_081944_cluster-1,2022,3,22,2.35019914489189,1.53626258950081,2022-07-15,2022-08-14
split_muni-080155_081944_cluster-1,2023,1,6,3.60159947920113,2.81938293118253,2023-08-20,2023-08-25
split_muni-080155_081944_cluster-1,2024,1,8,1.03023831356075,1.06019992060089,2024-08-06,2024-08-13
split_muni-080155_081944_cluster-2,2017,1,4,2.31155975341795,1.46452941894529,2017-08-02,2017-08-05
split_muni-080155_081944_cluster-2,2018,1,8,2.30370529174803,1.56899490356443,2018-07-30,2018-08-06
split_muni-080155_081944_cluster-2,2022,3,22,2.39200561523436,1.44787902832029,2022-07-15,2022-08-14
split_muni-080155_081944_cluster-2,2023,1,6,3.66598836263019,2.74870402018227,2023-08-20,2023-08-25
split_muni-080155_081944_cluster-2,2024,1,8,1.02889068603514,0.959581756591774,2024-08-06,2024-08-13
split_muni-080155_081944_cluster-3,2017,1,4,2.31155975341795,1.46452941894529,2017-08-02,2017-08-05
split_muni-080155_081944_cluster-3,2018,1,8,2.30370529174803,1.56899490356443,2018-07-30,2018-08-06
split_muni-080155_081944_cluster-3,2022,3,22,2.39200561523436,1.44787902832029,2022-07-15,2022-08-14
split_muni-080155_081944_cluster-3,2023,1,6,3.66598836263019,2.74870402018227,2023-08-20,2023-08-25
split_muni-080155_081944_cluster-3,2024,1,8,1.02889068603514,0.959581756591774,2024-08-06,2024-08-13
split_muni-080193_cluster-1,2006,2,6,1.61692124533403,1.08335227725803,2006-07-23,2006-07-31
split_muni-080193_cluster-1,2012,1,3,1.34243700928808,0.602066557276733,2012-08-22,2012-08-24
split_muni-080193_cluster-1,2015,1,10,0.573579604507847,0.9489125619574,2015-07-15,2015-07-24
split_muni-080193_cluster-1,2017,1,4,1.60893275998251,1.5710358596635,2017-08-02,2017-08-05
split_muni-080193_cluster-1,2018,1,8,2.18776911447213,1.87543128902251,2018-07-31,2018-08-07
split_muni-080193_cluster-1,2019,1,3,0.440930105671896,0.931756846188383,2019-08-08,2019-08-10
split_muni-080193_cluster-1,2022,2,19,2.229653264447,1.4660847480391,2022-07-14,2022-08-14
split_muni-080193_cluster-1,2023,1,13,2.00595480323103,1.65584338446439,2023-08-14,2023-08-26
split_muni-080193_cluster-1,2024,1,13,1.23876725954921,1.0223912050378,2024-08-01,2024-08-13
split_muni-080193_cluster-11,2017,1,4,1.85606079101558,1.64098144531249,2017-08-02,2017-08-05
split_muni-080193_cluster-11,2018,1,8,2.50681381225581,1.90952850341796,2018-07-30,2018-08-06
split_muni-080193_cluster-11,2021,1,4,2.85829620361324,1.11597991943358,2021-08-12,2021-08-15
split_muni-080193_cluster-11,2022,2,23,2.38044331868485,1.61645751953124,2022-07-15,2022-08-14
split_muni-080193_cluster-11,2023,2,10,3.1493281773158,2.68176164899553,2023-08-15,2023-08-25
split_muni-080193_cluster-11,2024,1,13,1.0638538067157,1.27082435021033,2024-08-01,2024-08-13
split_muni-080193_cluster-13,2017,1,4,1.85606079101558,1.64098144531249,2017-08-02,2017-08-05
split_muni-080193_cluster-13,2018,1,8,2.50681381225581,1.90952850341796,2018-07-30,2018-08-06
split_muni-080193_cluster-13,2021,1,4,2.85829620361324,1.11597991943358,2021-08-12,2021-08-15
split_muni-080193_cluster-13,2022,2,23,2.38044331868485,1.61645751953124,2022-07-15,2022-08-14
split_muni-080193_cluster-13,2023,2,10,3.1493281773158,2.68176164899553,2023-08-15,2023-08-25
split_muni-080193_cluster-13,2024,1,13,1.0638538067157,1.27082435021033,2024-08-01,2024-08-13
split_muni-080193_cluster-14,2017,1,4,1.85606079101558,1.64098144531249,2017-08-02,2017-08-05
split_muni-080193_cluster-14,2018,1,8,2.50681381225581,1.90952850341796,2018-07-30,2018-08-06
split_muni-080193_cluster-14,2021,1,4,2.85829620361324,1.11597991943358,2021-08-12,2021-08-15
split_muni-080193_cluster-14,2022,2,23,2.38044331868485,1.61645751953124,2022-07-15,2022-08-14
split_muni-080193_cluster-14,2023,2,10,3.1493281773158,2.68176164899553,2023-08-15,2023-08-25
split_muni-080193_cluster-14,2024,1,13,1.0638538067157,1.27082435021033,2024-08-01,2024-08-13
split_muni-080193_cluster-15,2017,1,4,1.85606079101558,1.64098144531249,2017-08-02,2017-08-05
split_muni-080193_cluster-15,2018,1,8,2.50681381225581,1.90952850341796,2018-07-30,2018-08-06
split_muni-080193_cluster-15,2021,1,4,2.85829620361324,1.11597991943358,2021-08-12,2021-08-15
split_muni-080193_cluster-15,2022,2,23,2.38044331868485,1.61645751953124,2022-07-15,2022-08-14
split_muni-080193_cluster-15,2023,2,10,3.1493281773158,2.68176164899553,2023-08-15,2023-08-25
split_muni-080193_cluster-15,2024,1,13,1.0638538067157,1.27082435021033,2024-08-01,2024-08-13
split_muni-080193_cluster-16,2017,1,4,1.85606079101558,1.64098144531249,2017-08-02,2017-08-05
split_muni-080193_cluster-16,2018,1,8,2.50681381225581,1.90952850341796,2018-07-30,2018-08-06
split_muni-080193_cluster-16,2021,1,4,2.85829620361324,1.11597991943358,2021-08-12,2021-08-15
split_muni-080193_cluster-16,2022,2,23,2.38044331868485,1.61645751953124,2022-07-15,2022-08-14
split_muni-080193_cluster-16,2023,2,10,3.1493281773158,2.68176164899553,2023-08-15,2023-08-25
split_muni-080193_cluster-16,2024,1,13,1.0638538067157,1.27082435021033,2024-08-01,2024-08-13
split_muni-080193_cluster-17,2017,1,4,2.31155975341795,1.46452941894529,2017-08-02,2017-08-05
split_muni-080193_cluster-17,2018,1,8,2.30370529174803,1.56899490356443,2018-07-30,2018-08-06
split_muni-080193_cluster-17,2022,3,22,2.39200561523436,1.44787902832029,2022-07-15,2022-08-14
split_muni-080193_cluster-17,2023,1,6,3.66598836263019,2.74870402018227,2023-08-20,2023-08-25
split_muni-080193_cluster-17,2024,1,8,1.02889068603514,0.959581756591774,2024-08-06,2024-08-13
split_muni-080193_cluster-18,2017,1,4,1.85606079101558,1.64098144531249,2017-08-02,2017-08-05
split_muni-080193_cluster-18,2018,1,8,2.50681381225581,1.90952850341796,2018-07-30,2018-08-06
split_muni-080193_cluster-18,2021,1,4,2.85829620361324,1.11597991943358,2021-08-12,2021-08-15
split_muni-080193_cluster-18,2022,2,23,2.38044331868485,1.61645751953124,2022-07-15,2022-08-14
split_muni-080193_cluster-18,2023,2,10,3.1493281773158,2.68176164899553,2023-08-15,2023-08-25
split_muni-080193_cluster-18,2024,1,13,1.0638538067157,1.27082435021033,2024-08-01,2024-08-13
split_muni-080193_cluster-2,2017,1,4,1.85606079101558,1.64098144531249,2017-08-02,2017-08-05
split_muni-080193_cluster-2,2018,1,8,2.50681381225581,1.90952850341796,2018-07-30,2018-08-06
split_muni-080193_cluster-2,2021,1,4,2.85829620361324,1.11597991943358,2021-08-12,2021-08-15
split_muni-080193_cluster-2,2022,2,23,2.38044331868485,1.61645751953124,2022-07-15,2022-08-14
split_muni-080193_cluster-2,2023,2,10,3.1493281773158,2.68176164899553,2023-08-15,2023-08-25
split_muni-080193_cluster-2,2024,1,13,1.0638538067157,1.27082435021033,2024-08-01,2024-08-13
split_muni-080193_cluster-20,2017,1,4,1.85606079101558,1.64098144531249,2017-08-02,2017-08-05
split_muni-080193_cluster-20,2018,1,8,2.50681381225581,1.90952850341796,2018-07-30,2018-08-06
split_muni-080193_cluster-20,2021,1,4,2.85829620361324,1.11597991943358,2021-08-12,2021-08-15
split_muni-080193_cluster-20,2022,2,23,2.38044331868485,1.61645751953124,2022-07-15,2022-08-14
split_muni-080193_cluster-20,2023,2,10,3.1493281773158,2.68176164899553,2023-08-15,2023-08-25
split_muni-080193_cluster-20,2024,1,13,1.0638538067157,1.27082435021033,2024-08-01,2024-08-13
split_muni-080193_cluster-3,2017,1,4,1.860339359249,1.63840284542417,2017-08-02,2017-08-05
split_muni-080193_cluster-3,2018,1,8,2.5037187698213,1.90511288577313,2018-07-30,2018-08-06
split_muni-080193_cluster-3,2021,1,4,2.85444607611294,1.11093747014222,2021-08-12,2021-08-15
split_muni-080193_cluster-3,2022,2,23,2.37975167898692,1.61396706984516,2022-07-15,2022-08-14
split_muni-080193_cluster-3,2023,2,10,3.1484165426674,2.67906934936489,2023-08-15,2023-08-25
split_muni-080193_cluster-3,2024,1,13,1.06182460903434,1.26782910000707,2024-08-01,2024-08-13
split_muni-080193_cluster-5,2017,1,4,2.31155975341795,1.46452941894529,2017-08-02,2017-08-05
split_muni-080193_cluster-5,2018,1,8,2.30370529174803,1.56899490356443,2018-07-30,2018-08-06
split_muni-080193_cluster-5,2022,3,22,2.39200561523436,1.44787902832029,2022-07-15,2022-08-14
split_muni-080193_cluster-5,2023,1,6,3.66598836263019,2.74870402018227,2023-08-20,2023-08-25
split_muni-080193_cluster-5,2024,1,8,1.02889068603514,0.959581756591774,2024-08-06,2024-08-13
split_muni-080193_cluster-8,2017,1,4,1.85606079101558,1.64098144531249,2017-08-02,2017-08-05
split_muni-080193_cluster-8,2018,1,8,2.50681381225581,1.90952850341796,2018-07-30,2018-08-06
split_muni-080193_cluster-8,2021,1,4,2.85829620361324,1.11597991943358,2021-08-12,2021-08-15
split_muni-080193_cluster-8,2022,2,23,2.38044331868485,1.61645751953124,2022-07-15,2022-08-14
split_muni-080193_cluster-8,2023,2,10,3.1493281773158,2.68176164899553,2023-08-15,2023-08-25
split_muni-080193_cluster-8,2024,1,13,1.0638538067157,1.27082435021033,2024-08-01,2024-08-13
split_muni-080193_cluster-9,2017,1,4,1.85606079101558,1.64098144531249,2017-08-02,2017-08-05
split_muni-080193_cluster-9,2018,1,8,2.50681381225581,1.90952850341796,2018-07-30,2018-08-06
split_muni-080193_cluster-9,2021,1,4,2.85829620361324,1.11597991943358,2021-08-12,2021-08-15
split_muni-080193_cluster-9,2022,2,23,2.38044331868485,1.61645751953124,2022-07-15,2022-08-14
split_muni-080193_cluster-9,2023,2,10,3.1493281773158,2.68176164899553,2023-08-15,2023-08-25
split_muni-080193_cluster-9,2024,1,13,1.0638538067157,1.27082435021033,2024-08-01,2024-08-13
split_muni-081017_cluster-1,2017,1,4,1.85518626442968,1.6203973239664,2017-08-02,2017-08-05
split_muni-081017_cluster-1,2018,1,8,2.50456640785832,1.87910139631718,2018-07-30,2018-08-06
split_muni-081017_cluster-1,2021,1,4,2.83794525002607,1.07788350825295,2021-08-12,2021-08-15
split_muni-081017_cluster-1,2022,2,23,2.38294985876462,1.5930507348273,2022-07-15,2022-08-14
split_muni-081017_cluster-1,2023,2,10,3.15415618481048,2.64477998259111,2023-08-15,2023-08-25
split_muni-081017_cluster-1,2024,1,13,1.07779119999878,1.24397604979573,2024-08-01,2024-08-13
split_muni-081017_cluster-2,2017,1,4,1.85606079101558,1.64098144531249,2017-08-02,2017-08-05
split_muni-081017_cluster-2,2018,1,8,2.50681381225581,1.90952850341796,2018-07-30,2018-08-06
split_muni-081017_cluster-2,2021,1,4,2.85829620361324,1.11597991943358,2021-08-12,2021-08-15
split_muni-081017_cluster-2,2022,2,23,2.38044331868485,1.61645751953124,2022-07-15,2022-08-14
split_muni-081017_cluster-2,2023,2,10,3.1493281773158,2.68176164899553,2023-08-15,2023-08-25
split_muni-081017_cluster-2,2024,1,13,1.0638538067157,1.27082435021033,2024-08-01,2024-08-13
split_muni-081017_cluster-3,2017,1,4,1.85606079101558,1.64098144531249,2017-08-02,2017-08-05
split_muni-081017_cluster-3,2018,1,8,2.50681381225581,1.90952850341796,2018-07-30,2018-08-06
split_muni-081017_cluster-3,2021,1,4,2.85829620361324,1.11597991943358,2021-08-12,2021-08-15
split_muni-081017_cluster-3,2022,2,23,2.38044331868485,1.61645751953124,2022-07-15,2022-08-14
split_muni-081017_cluster-3,2023,2,10,3.1493281773158,2.68176164899553,2023-08-15,2023-08-25
split_muni-081017_cluster-3,2024,1,13,1.0638538067157,1.27082435021033,2024-08-01,2024-08-13
split_muni-081017_cluster-4,2006,2,6,1.63908661228,0.829731875883567,2006-07-23,2006-07-31
split_muni-081017_cluster-4,2012,1,3,1.2155426977665,0.678506014170144,2012-08-22,2012-08-24
split_muni-081017_cluster-4,2015,1,5,0.627506651072656,1.51526017781805,2015-07-20,2015-07-24
split_muni-081017_cluster-4,2017,1,4,1.72064989557327,1.60901573246517,2017-08-02,2017-08-05
split_muni-081017_cluster-4,2018,1,7,2.60293193495668,1.98079308955464,2018-07-31,2018-08-06
split_muni-081017_cluster-4,2019,1,3,0.308111540140866,0.995502617513239,2019-08-08,2019-08-10
split_muni-081017_cluster-4,2021,1,4,2.40276748619375,0.796179272627782,2021-08-12,2021-08-15
split_muni-081017_cluster-4,2022,2,23,2.30060420223992,1.53809803814388,2022-07-15,2022-08-14
split_muni-081017_cluster-4,2023,1,13,1.95584308516524,1.69853068433781,2023-08-14,2023-08-26
split_muni-081017_cluster-4,2024,1,13,1.1718941114061,1.13589953917993,2024-08-01,2024-08-13
split_muni-081213_cluster-1,2006,1,5,1.99703083959766,0.825315953427821,2006-07-23,2006-07-27
split_muni-081213_cluster-1,2012,1,4,2.01373446146958,1.08926768735046,2012-08-20,2012-08-23
split_muni-081213_cluster-1,2017,1,4,2.11207546963054,1.89055874176823,2017-08-02,2017-08-05
split_muni-081213_cluster-1,2018,1,7,1.71623400877342,1.88219423236748,2018-07-31,2018-08-06
split_muni-081213_cluster-1,2021,1,4,1.54609197680814,1.1011793672758,2021-08-12,2021-08-15
split_muni-081213_cluster-1,2022,3,22,1.88349675724813,1.74761956432103,2022-07-15,2022-08-14
split_muni-081213_cluster-1,2023,1,6,3.22360625488961,3.23544387448627,2023-08-20,2023-08-25
split_muni-081213_cluster-1,2024,1,9,0.848971607436321,1.31273261421754,2024-08-05,2024-08-13
split_muni-081878_cluster-1,2017,1,4,2.40425786715215,1.72694826377145,2017-08-02,2017-08-05
split_muni-081878_cluster-1,2018,1,8,1.97301657925017,1.65403115460143,2018-07-30,2018-08-06
split_muni-081878_cluster-1,2020,1,3,0.297548830784706,0.381873789665084,2020-08-09,2020-08-11
split_muni-081878_cluster-1,2021,1,4,3.44362810867804,1.13560329883585,2021-08-12,2021-08-15
split_muni-081878_cluster-1,2022,2,23,2.15970667653865,1.29630608252797,2022-07-15,2022-08-14
split_muni-081878_cluster-1,2023,1,7,3.49214529344081,2.78138303324817,2023-08-19,2023-08-25
split_muni-081878_cluster-1,2024,1,8,1.14391629076794,1.22416238030331,2024-08-06,2024-08-13
split_muni-081878_cluster-2,2015,1,4,0.538316275830724,0.823197490700807,2015-07-15,2015-07-18
split_muni-081878_cluster-2,2017,1,4,2.41772418672004,1.84925678364283,2017-08-02,2017-08-05
split_muni-081878_cluster-2,2018,1,7,1.79577953738015,1.76915486893631,2018-07-31,2018-08-06
split_muni-081878_cluster-2,2020,1,3,0.242077234043563,0.462078695673805,2020-08-09,2020-08-11
split_muni-081878_cluster-2,2021,1,4,3.4974728293917,1.28126205402512,2021-08-12,2021-08-15
split_muni-081878_cluster-2,2022,3,18,3.54186809981966,1.96667747667432,2022-07-15,2022-08-14
split_muni-081878_cluster-2,2023,1,7,3.41692183906,2.74947274422957,2023-08-19,2023-08-25
split_muni-081878_cluster-2,2024,1,7,1.16533361179792,1.24180163836779,2024-08-06,2024-08-12
split_muni-081878_cluster-3,2017,1,4,2.36677489762353,1.71607239247997,2017-08-02,2017-08-05
split_muni-081878_cluster-3,2018,1,8,1.98629018109975,1.66003035991809,2018-07-30,2018-08-06
split_muni-081878_cluster-3,2020,1,3,0.268289223657253,0.375846627497272,2020-08-09,2020-08-11
split_muni-081878_cluster-3,2022,2,23,2.15466589282173,1.30704129398105,2022-07-15,2022-08-14
split_muni-081878_cluster-3,2023,1,7,3.46508076916108,2.78804876650136,2023-08-19,2023-08-25
split_muni-081878_cluster-3,2024,1,8,1.12407130521908,1.2218657473537,2024-08-06,2024-08-13
split_muni-082457_cluster-1,2017,1,4,2.31155975341795,1.46452941894529,2017-08-02,2017-08-05
split_muni-082457_cluster-1,2018,1,8,2.30370529174803,1.56899490356443,2018-07-30,2018-08-06
split_muni-082457_cluster-1,2022,3,22,2.39200561523436,1.44787902832029,2022-07-15,2022-08-14
split_muni-082457_cluster-1,2023,1,6,3.66598836263019,2.74870402018227,2023-08-20,2023-08-25
split_muni-082457_cluster-1,2024,1,8,1.02889068603514,0.959581756591774,2024-08-06,2024-08-13
split_muni-082457_cluster-2,2017,1,4,2.31155975341795,1.46452941894529,2017-08-02,2017-08-05
split_muni-082457_cluster-2,2018,1,8,2.30370529174803,1.56899490356443,2018-07-30,2018-08-06
split_muni-082457_cluster-2,2022,3,22,2.39200561523436,1.44787902832029,2022-07-15,2022-08-14
split_muni-082457_cluster-2,2023,1,6,3.66598836263019,2.74870402018227,2023-08-20,2023-08-25
split_muni-082457_cluster-2,2024,1,8,1.02889068603514,0.959581756591774,2024-08-06,2024-08-13
split_muni-082798_cluster-1,2015,1,4,0.590646548277206,0.919391989995987,2015-07-15,2015-07-18
split_muni-082798_cluster-1,2017,1,4,2.2169191795155,1.78687787981575,2017-08-02,2017-08-05
split_muni-082798_cluster-1,2018,1,7,1.9329691143198,1.94315275620266,2018-07-31,2018-08-06
split_muni-082798_cluster-1,2019,1,3,2.221460381859,0.644561482341127,2019-06-29,2019-07-01
split_muni-082798_cluster-1,2020,1,3,0.378654935396166,0.464732366643166,2020-08-09,2020-08-11
split_muni-082798_cluster-1,2021,1,4,3.71855659140866,1.39043809348222,2021-08-12,2021-08-15
split_muni-082798_cluster-1,2022,3,21,3.75408362869092,1.50741672274966,2022-07-15,2022-08-14
split_muni-082798_cluster-1,2023,1,7,3.55487779970873,2.82742845139763,2023-08-19,2023-08-25
split_muni-082798_cluster-1,2024,1,7,1.20597360870293,1.25395151609375,2024-08-06,2024-08-12
split_muni-082798_cluster-2,2017,1,4,2.17446689224231,1.62186183576262,2017-08-02,2017-08-05
split_muni-082798_cluster-2,2018,1,8,2.03992519185952,1.70436602090989,2018-07-30,2018-08-06
split_muni-082798_cluster-2,2020,1,3,0.366569786118797,0.288678921918764,2020-08-09,2020-08-11
split_muni-082798_cluster-2,2021,1,4,3.65296073969037,1.16833335797179,2021-08-12,2021-08-15
split_muni-082798_cluster-2,2022,2,23,2.25282646488648,1.24836673396391,2022-07-15,2022-08-14
split_muni-082798_cluster-2,2023,1,7,3.58775617148326,2.81375907555978,2023-08-19,2023-08-25
split_muni-082798_cluster-2,2024,1,8,1.14061953681779,1.19654203353557,2024-08-06,2024-08-13
split_muni-082798_cluster-3,2006,1,3,0.973592280691984,0.5813107472646,2006-07-11,2006-07-13
split_muni-082798_cluster-3,2015,1,4,0.555437484917562,0.893696657585835,2015-07-15,2015-07-18
split_muni-082798_cluster-3,2017,1,4,2.28075253717576,1.82260826010146,2017-08-02,2017-08-05
split_muni-082798_cluster-3,2018,1,7,1.78874061842548,1.87474155001903,2018-07-31,2018-08-06
split_muni-082798_cluster-3,2019,1,3,2.21617976364515,0.584359392645562,2019-06-29,2019-07-01
split_muni-082798_cluster-3,2020,1,3,0.312559743741133,0.48061514442378,2020-08-09,2020-08-11
split_muni-082798_cluster-3,2021,1,4,3.6283986444717,1.37618934655517,2021-08-12,2021-08-15
split_muni-082798_cluster-3,2022,3,18,3.60030128357289,1.90388097529987,2022-07-15,2022-08-14
split_muni-082798_cluster-3,2023,1,7,3.47688835015066,2.77870583611184,2023-08-19,2023-08-25
split_muni-082798_cluster-3,2024,1,7,1.15386840984328,1.24410838278453,2024-08-06,2024-08-12
split_muni-170792_cluster-1,2006,1,4,1.56851810713715,0.996932789989145,2006-07-23,2006-07-26
split_muni-170792_cluster-1,2012,1,5,2.92963634964763,1.48213854679932,2012-08-20,2012-08-24
split_muni-170792_cluster-1,2015,1,4,5.39816474115408,1.02659498415073,2015-07-04,2015-07-07
split_muni-170792_cluster-1,2018,1,6,2.03546087827277,1.91017170177446,2018-08-01,2018-08-06
split_muni-170792_cluster-1,2022,2,6,1.85517211464653,1.8729589142863,2022-07-15,2022-08-03
split_muni-170792_cluster-1,2023,1,6,3.29846041837195,2.66169235108483,2023-08-20,2023-08-25
split_muni-170792_cluster-1,2024,1,3,1.2744773467294,2.65388144001836,2024-08-08,2024-08-10
split_muni-251207_cluster-1,2012,1,3,1.63754662009861,0.92144258921644,2012-08-19,2012-08-21
split_muni-251207_cluster-1,2015,1,4,2.28337470283792,0.964626671253214,2015-07-05,2015-07-08
split_muni-251207_cluster-1,2017,1,4,1.51403021270897,2.99219338737737,2017-08-02,2017-08-05
split_muni-251207_cluster-1,2018,1,7,1.43314587548541,2.68602183347494,2018-07-31,2018-08-06
split_muni-251207_cluster-1,2019,1,3,3.33429726877404,0.335960833504885,2019-06-29,2019-07-01
split_muni-251207_cluster-1,2020,2,6,2.62585130323803,1.1456011942463,2020-07-30,2020-08-10
split_muni-251207_cluster-1,2021,1,4,4.33393049017508,2.05377205780648,2021-08-12,2021-08-15
split_muni-251207_cluster-1,2022,4,16,3.43236341163272,2.28369918238656,2022-06-15,2022-08-13
split_muni-251207_cluster-1,2023,2,12,2.9842103801466,2.78223030308197,2023-07-17,2023-08-25
split_muni-251207_cluster-1,2024,1,8,1.36594187425062,1.40992413554472,2024-08-05,2024-08-12
split_muni-251207_cluster-2,2012,1,4,1.39136678006564,1.01929674123778,2012-08-19,2012-08-22
split_muni-251207_cluster-2,2015,2,6,3.21778575927849,1.52184627927966,2015-07-05,2015-07-17
split_muni-251207_cluster-2,2017,1,4,1.24263847520045,2.95905283009014,2017-08-02,2017-08-05
split_muni-251207_cluster-2,2018,1,7,1.33159795054758,2.60949785998393,2018-07-31,2018-08-06
split_muni-251207_cluster-2,2019,1,3,3.34381093128908,0.314127717477561,2019-06-29,2019-07-01
split_muni-251207_cluster-2,2020,2,6,2.63695618873262,1.27375079063931,2020-07-30,2020-08-10
split_muni-251207_cluster-2,2021,1,4,4.17055604464473,2.1657474844685,2021-08-12,2021-08-15
split_muni-251207_cluster-2,2022,4,13,3.49727367736016,2.66067644521488,2022-06-15,2022-08-13
split_muni-251207_cluster-2,2023,2,11,2.8913674329423,3.02869040343006,2023-07-17,2023-08-25
split_muni-251207_cluster-2,2024,1,8,1.35901471693699,1.45913389319421,2024-08-05,2024-08-12
split_muni-431233_cluster-1,2017,1,5,1.72082301340936,1.62013750723195,2017-08-01,2017-08-05
split_muni-431233_cluster-1,2018,1,5,2.61193608469948,2.78973689586904,2018-08-02,2018-08-06
split_muni-431233_cluster-1,2020,1,3,1.54244582267336,0.370232648676942,2020-07-31,2020-08-02
split_muni-431233_cluster-1,2022,2,11,3.06003361922866,1.77645037221906,2022-08-01,2022-08-14
split_muni-431233_cluster-1,2023,1,6,3.33008893629402,2.52270267487716,2023-08-20,2023-08-25
