idsiad,nom_del_centre,tipus_de_via,adre_a,codi_postal,poblaci,comarca,demarcaci,cerca,tel_fon,correu_electr_nic,tipus,titularitat,latitud,longitud,geocoded_column,:@computed_region_bh64_c7uy,:@computed_region_wvic_k925
1,Informació i atenció a les Dones d'Arbúcies,Carrer,"Major, 2",17401,Arbúcies,Selva,Comarques Gironines,Selva,972860001,siod@ajarbucies.cat,IAD,Ajuntament d'Arbúcies,41.8161111,2.5116284,"{'type': 'Point', 'coordinates': [2.5116284, 41.8161111]}",730,20
123,Servei d'informació i atenció a les dones (SIAD) del Solsonès,Carrer,"dels Dominics, 14",25280,Solsona,Solsonès,Comarques Centrals,Solsonès,973483234,siad@elsolsones.cat,SIAD,Consell Comarcal del Solsonès,41.99582,1.51909,"{'type': 'Point', 'coordinates': [1.51909, 41.99582]}",132,12
75,Servei d'informació i atenció a les dones (SIAD) de Reus,Plaça,"de la Patacada, 9",43201,Reus,Baix Camp,Camp de Tarragona,Baix Camp,977010672,siad@reus.cat,SIAD,Ajuntament de Reus,41.1545,1.10501,"{'type': 'Point', 'coordinates': [1.10501, 41.1545]}",421,39
145,Servei d'Intervenció Especialitzada en violència masclista (SIE) de Tarragona,Carrer,"Cristòfol Colom, 28, 1r",43001,Tarragona,Tarragonès,Camp de Tarragona,Tarragonès,977920406,bustia.sietarragona@gencat.cat,SIE,Generalitat de Catalunya,41.1151473,1.2455471,"{'type': 'Point', 'coordinates': [1.2455471, 41.1151473]}",230,37
105,Servei d'informació i atenció a les dones (SIAD) del Baix Empordà,Plaça,"Joan Carreras i Dagas, 4-5, baixos",17100,La Bisbal d'Empordà,Baix Empordà,Comarques Gironines,Baix Empordà,972642310,siad@baixemporda.cat,SIAD,Consell Comarcal del Baix Empordà,41.95793,3.03848,"{'type': 'Point', 'coordinates': [3.03848, 41.95793]}",28,16
93,Servei d'informació i atenció a les dones (SIAD) de Sitges,Carrer,"Carrer Samuel Barrachina, 3",8870,Sitges,Garraf,Penedès,Garraf,938113180,igualtat@sitges.cat,SIAD,Ajuntament de Sitges,41.2373,1.81566,"{'type': 'Point', 'coordinates': [1.81566, 41.2373]}",457,34
118,Servei d'informació i atenció a les dones (SIAD) del Pla d'Urgell,Carrer,"de Prat de la Riba, 1",25230,Mollerussa,Pla d'Urgell,Ponent,Pla d'Urgell,973711313,areadona@plaurgell.cat,SIAD,Consell Comarcal del Pla d'Urgell,41.63168,0.89424,"{'type': 'Point', 'coordinates': [0.89424, 41.63168]}",543,23
6,Informació i atenció a les dones de Llinars del Vallès,Carrer,"Mas Bagà, 24",8450,Llinars del Vallès,Vallès Oriental,Metropolità,Vallès Oriental,938413842,puntdona@llinarsdelvalles.cat,IAD,Ajuntament de Llinars del Vallès,41.640128,2.402898,"{'type': 'Point', 'coordinates': [2.402898, 41.640128]}",797,22
12,Informació i atenció a les dones de Badia del Vallès,Avinguda,Avda. de la Costa Blava s/n. Edifici El Molí 2n pis,8214,Badia del Vallès,Vallès Occidental,Metropolità,Vallès Occidental,635531036 (whatsapp),badiacird@gmail.com,IAD,Ajuntament de Badia del Vallès,41.5063079,2.119554,"{'type': 'Point', 'coordinates': [2.119554, 41.5063079]}",563,26
62,Servei d'informació i atenció a les dones (SIAD) de Lleida,Plaça,"dels Fanalets de Sant Jaume, s/n",25002,Lleida,Segrià,Ponent,Segrià,973700461,politiquesigualtat@paeria.cat,SIAD,Ajuntament de Lleida,41.61399,0.62376,"{'type': 'Point', 'coordinates': [0.62376, 41.61399]}",875,21
149,Servei d'Intervenció Especialitzada en violència masclista (SIE) del Garraf - Penedès,Carrer,"Josep Llanza, 1-7, 2n-2a",8800,Vilanova i la Geltrú,Garraf,Penedès,Garraf,937079473,bustia.siegarrafpenedes@gencat.cat,SIE,Generalitat de Catalunya,41.222496,1.7228153,"{'type': 'Point', 'coordinates': [1.7228153, 41.222496]}",412,34
48,Servei d'informació i atenció a les dones (SIAD) de la Ribera d'Ebre,Plaça,"Sant Roc, 2",43740,Móra d'Ebre,Ribera d'Ebre,Terres de l'Ebre,Ribera d'Ebre,977401851,acciosocial@riberaebre.org,SIAD,Consell Comarcal de la Ribera d'Ebre,41.09136,0.6432,"{'type': 'Point', 'coordinates': [0.6432, 41.09136]}",198,36
31,Servei d'informació i atenció a les dones (SIAD) de Badalona,Carrer,"Baldomer Solà, 13-15",8912,Badalona,Barcelonès,Metropolità,Barcelonès,934832968,siad@badalona.cat,SIAD,Ajuntament de Badalona,41.44709,2.23967,"{'type': 'Point', 'coordinates': [2.23967, 41.44709]}",531,29
43,Servei d'informació i atenció a les dones (SIAD) de Granollers,Carrer,"Portalet, 4, 4a planta",8401,Granollers,Vallès Oriental,Metropolità,Vallès Oriental,938426714,plaigualtat@ajuntament.granollers.cat,SIAD,Ajuntament de Granollers,41.60757,2.28746,"{'type': 'Point', 'coordinates': [2.28746, 41.60757]}",560,22
138,Servei d'informació i atenció a les dones (SIAD) de Banyoles,Carrer,"Pere Alsius, 12, 1r",17820,Banyoles,Pla de l'Estany,Comarques Gironines,Pla de l'Estany,972581125,siad.serveisocials@ajbanyoles.org,SIAD,Ajuntament de Banyoles,42.1160,2.7638,"{'type': 'Point', 'coordinates': [2.7638, 42.116]}",57,11
58,Servei d'informació i atenció a les dones (SIAD) de l'Aran,Carrer,"Major, 36",25530,Vielha e Mijaran,Val d'Aran,Alt Pirineu i Aran,Val d'Aran,973642560,siah@aransalut.com,SIAD,Consell General d'Aran,42.70004,0.79379,"{'type': 'Point', 'coordinates': [0.79379, 42.70004]}",326,1
23,Punt d'informació i atenció a les dones (PIAD) de Barcelona - Horta-Guinardó,Carrer,"Arenys, 75",8035,Barcelona,Barcelonès,Metropolità,Barcelonès,936197311,piad_horta@bcn.cat,PIAD,Ajuntament de Barcelona,41.5206065,1.9967716,"{'type': 'Point', 'coordinates': [1.9967716, 41.5206065]}",908,26
113,Servei d'informació i atenció a les dones (SIAD) del Moianès,Carrer,"de les Joies, núm. 11-13",8180,Moià,Moianès,Comarques Centrals,Moianès,938208000,ccmn.atenciopersones@ccmoianes.cat,SIAD,Consell Comarcal del Moianès,41.8122205,2.0954385,"{'type': 'Point', 'coordinates': [2.0954385, 41.8122205]}",677,18
128,Servei d'informació i atenció a les dones (SIAD) d'Esparreguera,Carrer,"dels Arbres, 21, despatx 1r pis",8292,Esparreguera,Baix Llobregat,Metropolità,Baix Llobregat,677 500 229,dona@esparreguera.cat,SIAD,Ajuntament d'Esparreguera,41.5395,1.86826,"{'type': 'Point', 'coordinates': [1.86826, 41.5395]}",608,31
29,Punt d'informació i atenció a les dones (PIAD) de Barcelona - Sarrià-Sant Gervasi,Plaça,"Consell de la Vila, 7",8006,Barcelona,Barcelonès,Metropolità,Barcelonès,936197311,piad_sarriasantgervasi@bcn.cat,PIAD,Ajuntament de Barcelona,41.3991144,2.121355,"{'type': 'Point', 'coordinates': [2.121355, 41.3991144]}",512,29
52,Servei d'informació i atenció a les dones (SIAD) de l'Alt Camp,Carrer,"Mossèn Martí, 3",43800,Valls,Alt Camp,Camp de Tarragona,Alt Camp,977604258,benestarsocial@altcamp.cat,SIAD,Consell Comarcal de l'Alt Camp,41.2886,1.24979,"{'type': 'Point', 'coordinates': [1.24979, 41.2886]}",500,30
98,Servei d'informació i atenció a les dones (SIAD) de Viladecans,Carrer,"Santiago Rusiñol, 8",8840,Viladecans,Baix Llobregat,Metropolità,Baix Llobregat,93 566 20 00,siad@viladecans.cat,SIAD,Ajuntament de Viladecans,41.30996,2.00768,"{'type': 'Point', 'coordinates': [2.00768, 41.30996]}",511,31
63,Servei d'informació i atenció a les dones (SIAD) de Lloret de Mar,Carreró,"de Sant Miquel, nº 6, Seu d'Es Tint, 1r pis",17310,Lloret de Mar,Selva,Comarques Gironines,Selva,972347172,dones@lloret.cat,SIAD,Ajuntament de Lloret de Mar,192883,42.43243,"{'type': 'Point', 'coordinates': [42.43243, 192883]}",,
83,Servei d'informació i atenció a les dones (SIAD) de Sant Boi de Llobregat,Carrer,"Ebre, 27 (Can Jordana)",8830,Sant Boi de Llobregat,Baix Llobregat,Metropolità,Baix Llobregat,936351200 ext 156,crdones@santboi.cat,SIAD,Ajuntament de Sant Boi de Llobregat,41.348,2.0383,"{'type': 'Point', 'coordinates': [2.0383, 41.348]}",496,31
35,Servei d'informació i atenció a les dones (SIAD) de Cambrils,Plaça,"de l'Ajuntament, 4",43850,Cambrils,Baix Camp,Camp de Tarragona,Baix Camp,977794579 ext 4311/2226,siad@cambrils.org,SIAD,Ajuntament de Cambrils,41.07132,1.05809,"{'type': 'Point', 'coordinates': [1.05809, 41.07132]}",158,39
137,Servei d'informació i atenció a les dones (SIAD) del Gironès,Carrer,"Àngel Guimerà, 106-108",17190,Salt,Gironès,Comarques Gironines,Gironès,972201962,siad@cbs.cat,SIAD,Consell Comarcal del Gironès,41.9749,2.7928,"{'type': 'Point', 'coordinates': [2.7928, 41.9749]}",23,14
124,Servei d'informació i atenció a les dones (SIAD) del Tarragonès,Carrer,"de les Coques, 3",43003,Tarragona,Tarragonès,Camp de Tarragona,Tarragonès,977244506,siad@tarragones.cat,SIAD,Consell Comarcal del Tarragonès,41.11886,1.25868,"{'type': 'Point', 'coordinates': [1.25868, 41.11886]}",230,37
89,Servei d'informació i atenció a les dones (SIAD) de Sant Quirze del Vallès,Passatge,"Dalí, núm. 8",8192,Sant Quirze del Vallès,Vallès Occidental,Metropolità,Vallès Occidental,937216800,sumemxlaigualtat@santquirzevalles.cat,SIAD,Ajuntament de Sant Quirze del Vallès,41.54305,2.03938,"{'type': 'Point', 'coordinates': [2.03938, 41.54305]}",862,26
154,Servei d'Intervenció Especialitzada en violència masclista (SIE) de La Selva - Blanes,Avinguda,"de la Pau, 4",17300,Blanes,La Selva,Comarques Gironines,La Selva,934597049,bustia.sieblanes@gencat.cat,SIE,Generalitat de Catalunya,41.680801,2.7907848,"{'type': 'Point', 'coordinates': [2.7907848, 41.680801]}",760,20
67,Servei d'informació i atenció a les dones (SIAD) de Martorell,Carrer,"Francesc Santacana, 13 (Casa de Cultura de la Vila)",8760,Martorell,Baix Llobregat,Metropolità,Baix Llobregat,937735193,serveissocials@martorell.cat,SIAD,Ajuntament de Martorell,41.47431,1.92841,"{'type': 'Point', 'coordinates': [1.92841, 41.47431]}",555,31
140,Servei d'Intervenció Especialitzada en violència masclista (SIE) de l'Alt empordà,Avinguda,"de Vilallonga, 5, 2n 1a",17600,Figueres,Alt Empordà,Comarques Gironines,Alt Empordà,872022030,bustia.siealtemporda@gencat.cat,SIE,Generalitat de Catalunya,42.2664134,2.9651022,"{'type': 'Point', 'coordinates': [2.9651022, 42.2664134]}",191,6
94,Servei d'informació i atenció a les dones (SIAD) de Tarragona,Plaça,"de la Font , 1",43003,Tarragona,Tarragonès,Camp de Tarragona,Tarragonès,977296279,siad@tarragona.cat,SIAD,Ajuntament de Tarragona,41.11436,1.25578,"{'type': 'Point', 'coordinates': [1.25578, 41.11436]}",230,37
141,Servei d'Intervenció Especialitzada en violència masclista (SIE) de l'Alt Pirineu i Aran,Carrer,"del Comtat d'Urgell, 61, baixos",25700,La Seu d'Urgell,Alt Urgell,Alt Pirineu i Aran,Alt Urgell,973361331,bustia.siealtpirineuaran@gencat.cat,SIE,Generalitat de Catalunya,42.3578595,1.454447,"{'type': 'Point', 'coordinates': [1.454447, 42.3578595]}",387,5
119,Servei d'informació i atenció a les dones (SIAD) del Prat de Llobregat,Plaça,"de l'Agricultura, 4",8820,El Prat de Llobregat,Baix Llobregat,Metropolità,Baix Llobregat,933790050,siad@elprat.cat,SIAD,Ajuntament d'El Prat de Llobregat,41.32478,2.0932,"{'type': 'Point', 'coordinates': [2.0932, 41.32478]}",503,31
2,Informació i atenció a les dones d'Argentona,Carrer,"Gran, 59",8310,Argentona,Maresme,Metropolità,Maresme,937974900,igualtat@argentona.cat,IAD,Ajuntament d'Argentona,41.5573979,2.4006428,"{'type': 'Point', 'coordinates': [2.4006428, 41.5573979]}",658,25
80,Servei d'informació i atenció a les dones (SIAD) de Salou,Carrer,"de l'Ebre, 11 - Espai Mas",43840,Salou,Tarragonès,Camp de Tarragona,Tarragonès,977309206,siadones@salou.cat,SIAD,Ajuntament de Salou,41.08105,1.13316,"{'type': 'Point', 'coordinates': [1.13316, 41.08105]}",160,37
7,Informació i atenció a les dones de Montornès del Vallès,Carrer,"de la Pau, 10",8170,Montornès del Vallès,Vallès Oriental,Metropolità,Vallès Oriental,93 566 70 04 ext 3,igualtat@montornes.cat,IAD,Ajuntament de Montornès del vallès,41.544459,2.2616584,"{'type': 'Point', 'coordinates': [2.2616584, 41.544459]}",706,22
66,Servei d'informació i atenció a les dones (SIAD) de Manresa,Carrer,"de la Canal, 6, 1r",8241,Manresa,Bages,Comarques Centrals,Bages,938752310,siad@ajmanresa.cat,SIAD,Ajuntament de Manresa,41.72423,1.82557,"{'type': 'Point', 'coordinates': [1.82557, 41.72423]}",877,18
120,Servei d'informació i atenció a les dones (SIAD) del Priorat,Plaça,"de la Quartera, 1",43730,Falset,Priorat,Camp de Tarragona,Priorat,977830119,siad@priorat.cat,SIAD,Consell Comarcal del Priorat,41.14652,0.82035,"{'type': 'Point', 'coordinates': [0.82035, 41.14652]}",414,35
90,Servei d'informació i atenció a les dones (SIAD) de Sant Vicenç dels Horts,Carrer,"Claverol, 6-8, 1a planta (Edifici de la Foneria)",8620,Sant Vicenç dels Horts,Baix Llobregat,Metropolità,Baix Llobregat,936029216,igualtat@svh.cat - atencioaladona@svh.cat,SIAD,Ajuntament de Sant Vicenç dels Horts,41.38807,2.00797,"{'type': 'Point', 'coordinates': [2.00797, 41.38807]}",671,31
106,Servei d'informació i atenció a les dones (SIAD) del Baix Llobregat,Carretera,"Nacional - 340, pk 1249, Parc Torreblanca",8980,Sant Feliu de Llobregat,Baix Llobregat,Metropolità,Baix Llobregat,936852400,siad@elbaixllobregat.cat,SIAD,Consell Comarcal del Baix Llobregat,41.38607,2.04027,"{'type': 'Point', 'coordinates': [2.04027, 41.38607]}",844,31
34,Servei d'informació i atenció a les dones (SIAD) de Calafell,Plaça,"de la Constitució, 5",43820,Calafell,Baix Penedès,Penedès,Baix Penedès,977699009,siad@calafell.org,SIAD,Ajuntament de Calafell,41.19219,1.60666,"{'type': 'Point', 'coordinates': [1.60666, 41.19219]}",460,33
44,Servei d'informació i atenció a les dones (SIAD) de la Cerdanya,Carrer,"d'Alfons I, 50-52, baixos",17520,Puigcerdà,Cerdanya,Alt Pirineu i Aran,Cerdanya,972141313,siad@cerdanya.org,SIAD,Consell Comarcal de la Cerdanya,42.43382,1.9293,"{'type': 'Point', 'coordinates': [1.9293, 42.43382]}",348,4
76,Servei d'informació i atenció a les dones (SIAD) de Ripollet,Carrer,"La Salut, núm. 1",8291,Ripollet,Vallès Occidental,Metropolità,Vallès Occidental,935046007,sgarriga@ripollet.cat,SIAD,Ajuntament de Ripollet,41.49649,2.15347,"{'type': 'Point', 'coordinates': [2.15347, 41.49649]}",571,26
154,Punt Dona de Montmeló,Plaça,"de la Vila, 1",8016,Montmeló,Vallès Oriental,Metropolità,Vallès Oriental,93572000,serveissocials@montmelo.cat,IAD,Ajuntament,41.55194,2.24799,"{'type': 'Point', 'coordinates': [2.24799, 41.55194]}",736,22
136,Servei d'Intervenció Especialitzada en violència masclista (SIE) de Salt,Plaça,"del Veïnat, 11, 3r",17190,Salt,Gironès,Comarques Gironines,Gironès,972406555,bustia.siegirones@gencat.cat,SIE,Generalitat de Catalunya,41.9759853,2.7965475,"{'type': 'Point', 'coordinates': [2.7965475, 41.9759853]}",23,14
39,Servei d'informació i atenció a les dones (SIAD) de Cornellà de Llobregat,Carrer,"Mn. Jacint Verdaguer, 16-18",8940,Cornellà de Llobregat,Baix Llobregat,Metropolità,Baix Llobregat,934742841,ladona@aj-cornella.cat,SIAD,Ajuntament de Cornellà de Llobregat,41.35421,2.07088,"{'type': 'Point', 'coordinates': [2.07088, 41.35421]}",488,31
97,Servei d'informació i atenció a les dones (SIAD) de Valls,Carrer,"Muralla del Carme, 24",43800,Valls,Alt Camp,Camp de Tarragona,Alt Camp,977614040,siad@valls.cat,SIAD,Ajuntament de Valls,41.2828,1.24858,"{'type': 'Point', 'coordinates': [1.24858, 41.2828]}",500,30
71,Servei d'informació i atenció a les dones (SIAD) de Montcada i Reixac,Carrer,"Major, 32 MIR (Casa de la Vila)",8110,Montcada i Reixac,Vallès Occidental,Metropolità,Vallès Occidental,935651122,oficinadona@montcada.org,SIAD,Ajuntament de Montcada i Reixac,41.48558,2.18792,"{'type': 'Point', 'coordinates': [2.18792, 41.48558]}",936,26
101,Servei d'informació i atenció a les dones (SIAD) de Vilassar de Mar,Carrer,"Santa Eulàlia, 40",8340,Vilassar de Mar,Maresme,Metropolità,Maresme,937540500,siad@vilassardemar.cat,SIAD,Ajuntament de Vilassar de Mar,41.50422,2.38684,"{'type': 'Point', 'coordinates': [2.38684, 41.50422]}",522,25
10,Informació i atenció a les dones de Santa Cristina d'Aro,Plaça,Catalunya s/n,17246,Santa Cristina d'Aro,Baix Empordà,Comarques Gironines,Baix Empordà,972837010 / 637889203,igualtat@santacristina.cat,IAD,Ajuntament de Santa Cristina d'Aro,41.81052,2.99943966868466,"{'type': 'Point', 'coordinates': [2.99943966868466, 41.81052]}",642,16
59,Servei d'informació i atenció a les dones (SIAD) de les Franqueses del Vallès,Carrer,"Rosellò, núm. 39",8521,Les franqueses del Vallès,Vallès Oriental,Metropolità,Vallès Oriental,938465862,marta.fuertes@lesfranqueses.cat,SIAD,Ajuntament de les Franqueses del Vallès,41.618,2.29483,"{'type': 'Point', 'coordinates': [2.29483, 41.618]}",824,22
148,Servei d'Intervenció Especialitzada en violència masclista (SIE) del Barcelonès-Nord,Carrer,"Miquel Servet, 217",8912,Badalona,Barcelonès,Metropolità,Barcelonès,935170001,bustia.siebarcelonesnord@gencat.cat,SIE,Generalitat de Catalunya,41.448173,2.2348737,"{'type': 'Point', 'coordinates': [2.2348737, 41.448173]}",531,29
112,Servei d'informació i atenció a les dones (SIAD) del Masnou,Plaça,"de la Igualtat, 1",8320,El Masnou,Maresme,Metropolità,Maresme,935571800,siad@elmasnou.cat,SIAD,Ajuntament d'El Masnou,41.47913,2.3182,"{'type': 'Point', 'coordinates': [2.3182, 41.47913]}",96,25
127,Servei d'informació i atenció a les dones (SIAD) del Vendrell,Carrer,"Quarter, 4",43700,El Vendrell,Baix Penedès,Penedès,Baix Penedès,977608560,pcandalija@elvendrell.net,SIAD,Ajuntament del Vendrell,41.21687,1.53399,"{'type': 'Point', 'coordinates': [1.53399, 41.21687]}",456,33
82,Servei d'informació i atenció a les dones (SIAD) de Sant Andreu de la Barca,Plaça,"de l'Ajuntament, 1, 2a planta",8740,Sant Andreu de la Barca,Baix Llobregat,Metropolità,Baix Llobregat,936356402,siad@sabarca.cat,SIAD,Ajuntament de Sant Andreu de la Barca,41.45004,1.9712,"{'type': 'Point', 'coordinates': [1.9712, 41.45004]}",663,31
139,Servei d'informació i atenció a les dones (SIAD) de Vila-Seca,Carrer,"Major, 12",43480,Vila-seca,Tarragonès,Camp de Tarragona,Tarragonès,977390024,siad@vila-seca.cat,SIAD,Ajuntament de Vila-seca,41.1167,1.1500,"{'type': 'Point', 'coordinates': [1.15, 41.1167]}",231,37
22,Punt d'informació i atenció a les dones (PIAD) de Barcelona - Gràcia,Plaça,"Vila de Gràcia, 2",8012,Barcelona,Barcelonès,Metropolità,Barcelonès,936197311,piad_gracia@bcn.cat,PIAD,Ajuntament de Barcelona,41.3999304,2.1557204,"{'type': 'Point', 'coordinates': [2.1557204, 41.3999304]}",512,29
132,Servei d'informació i atenció a les dones SIAD VicDones - SIAD Osona,Carrer,"Llotja, 1, 2n (Edifici del Sucre)",8500,Vic,Osona,Comarques Centrals,Osona,937027284/ 650540732,vicdones-siadosona@vic.cat,SIAD,Ajuntament de Vic/Consell Comarcal d'Osona,41.92758,2.24683,"{'type': 'Point', 'coordinates': [2.24683, 41.92758]}",912,13
47,Servei d'informació i atenció a les dones (SIAD) de la Noguera,Passeig,"d'Àngel Guimerà, 28-30",25600,Balaguer,Noguera,Ponent,Noguera,973448933,siad@ccnoguera.cat,SIAD,Consell Comarcal de la Noguera,41.78568,0.80434,"{'type': 'Point', 'coordinates': [0.80434, 41.78568]}",685,15
142,Servei d'Intervenció Especialitzada en violència masclista (SIE) de les Terres de l'Ebre,Carrer,"Miquel Granell, 2, 1r",43870,Amposta,Montsià,Terres de l'Ebre,Montsià,977701274 - 977700168,bustia.sieterresdelebre@gencat.cat,SIE,Generalitat de Catalunya,40.7100734,0.5775403,"{'type': 'Point', 'coordinates': [0.5775403, 40.7100734]}",227,41
79,Servei d'informació i atenció a les dones (SIAD) de Sabadell,Carrer,"Vidal, 146",8208,Sabadell,Vallès Occidental,Metropolità,Vallès Occidental,937246167,genere@ajsabadell.cat,SIAD,Ajuntament de Sabadell,41.55398,2.11259,"{'type': 'Point', 'coordinates': [2.11259, 41.55398]}",660,26
131,Servei d'informació i atenció a les dones (SIAD) d'Olesa de Montserrat,Carrer,"Salvador Casas, núm. 17",8640,Olesa de Montserrat,Baix Llobregat,Metropolità,Baix Llobregat,937780050,cird@olesademontserrat.cat,SIAD,Ajuntament d'Olesa de Montserrat,41.54517,1.89134,"{'type': 'Point', 'coordinates': [1.89134, 41.54517]}",699,31
109,Servei d'informació i atenció a les dones (SIAD) del Garraf,Plaça,"de Beatriu de Claramunt, 5-8",8800,Vilanova i la Geltrú,Garraf,Penedès,Garraf,938100410,siad@ccgarraf.cat,SIAD,Consell Comarcal del Garraf,41.22305,1.71411,"{'type': 'Point', 'coordinates': [1.71411, 41.22305]}",412,34
3,Informació i atenció a les dones de Corbera de Llobregat,Plaça,"Sant Antoni, s/n (Àrea d'Igualtat de l'Ajuntament )",8757,Corbera de Llobregat,Baix Llobregat,Metropolità,Baix Llobregat,935175878,igualtatgenere@corberadellobregat.cat,IAD,Ajuntament de Corbera de Llobregat,41.4139706,1.9263777,"{'type': 'Point', 'coordinates': [1.9263777, 41.4139706]}",710,31
38,Servei d'informació i atenció a les dones (SIAD) de Cerdanyola del Vallès,Carrer,"Belles Arts, 19",8290,Cerdanyola del Vallès,Vallès Occidental,Metropolità,Vallès Occidental,935921647,dones@cerdanyola.cat,SIAD,Ajuntament de Cerdanyola del Vallès,41.48765,2.13778,"{'type': 'Point', 'coordinates': [2.13778, 41.48765]}",570,26
40,Servei d'informació i atenció a les dones (SIAD) de Figueres,Carrer,"Poeta Marquina, 2",17600,Figueres,Alt Empordà,Comarques Gironines,Alt Empordà,972513808,siad@figueres.org,SIAD,Ajuntament de Figueres,42.26605,2.95641,"{'type': 'Point', 'coordinates': [2.95641, 42.26605]}",191,6
155,Servei d'Intervenció Especialitzada en violència masclista (SIE) de l'Urgell - Tàrrega,Carrer,"Perer Calver, 16 Baixos",25300,Tàrrega,Urgell,Ponent,Urgell,932172664,bustia.sietarrega@gencat.cat,SIE,Generalitat de Catalunya,41.6440871,1.1428288,"{'type': 'Point', 'coordinates': [1.1428288, 41.6440871]}",880,17
51,Servei d'informació i atenció a les dones (SIAD) de la Terra Alta,Carrer,"Bassa d'en Gaire, 1",43780,Gandesa,Terra Alta,Terres de l'Ebre,Terra Alta,977420018,siad@terra-alta.org,SIAD,Consell Comarcal de la Terra Alta,42.43243,1.92884,"{'type': 'Point', 'coordinates': [1.92884, 42.43243]}",348,4
70,Servei d'informació i atenció a les dones (SIAD) de Mollet del Vallès,Carrer,"Àngel Guimerà, 15",8100,Mollet del Vallès,Vallès Oriental,Metropolità,Vallès Oriental,935707747,siad@molletvalles.cat,SIAD,Ajuntament de Mollet del Vallès,41.53504,2.21542,"{'type': 'Point', 'coordinates': [2.21542, 41.53504]}",703,22
26,Punt d'informació i atenció a les dones (PIAD) de Barcelona - Sant Andreu,Carrer,"Foradada, 36",8033,Barcelona,Barcelonès,Metropolità,Barcelonès,936197311,piad_santandreu@bcn.cat,PIAD,Ajuntament de Barcelona,41.45165,2.191212,"{'type': 'Point', 'coordinates': [2.191212, 41.45165]}",512,29
156,Servei d'Intervenció Especialitzada en violència masclista (SIE) de Vic,Carrer,"Molí d'en Saborit, 2",8500,Vic,Osona,Comarques Centrals,Osona,938045482,bustia.sievic@gencat.cat,SIE,Generalitat de Catalunya,42,2.2595237,"{'type': 'Point', 'coordinates': [2.2595237, 42]}",31,13
30,"Servei d'Atenció, Recuperació i Acollida (SARA) de Barcelona",Carrer,"Marie Curie, 16",8042,Barcelona,Barcelonès,Metropolità,Barcelonès,900 922 357,sara@bcn.cat,SIE,Ajuntament de Barcelona,41.4375167,2.1666009,"{'type': 'Point', 'coordinates': [2.1666009, 41.4375167]}",512,29
50,Servei d'informació i atenció a les dones (SIAD) de la Selva,Carrer,"del Prat, 1, 1r",17430,Santa Coloma de Farners,Selva,Comarques Gironines,Selva,872973003,siad@selva.cat,SIAD,Consell Comarcal de la Selva,41.8645,2.66243,"{'type': 'Point', 'coordinates': [2.66243, 41.8645]}",634,20
65,Servei d'informació i atenció a les dones (SIAD) de Manlleu,Carrer,"Enric Delaris, 7",8560,Manlleu,Osona,Comarques Centrals,Osona,938510848,siad@manlleu.cat,SIAD,Ajuntament de Manlleu,42.00014,2.28332,"{'type': 'Point', 'coordinates': [2.28332, 42.00014]}",31,13
121,Servei d'informació i atenció a les dones (SIAD) del Ripollès,Carrer,"Progrés, 22",17500,Ripoll,Ripollès,Comarques Gironines,Ripollès,972715839,dones@ripolles.cat,SIAD,Consell Comarcal del Ripollès,42.19772,2.19435,"{'type': 'Point', 'coordinates': [2.19435, 42.19772]}",362,7
33,Servei d'informació i atenció a les dones (SIAD) de Blanes,Plaça,"d'Argentina, 5",17300,Blanes,Selva,Comarques Gironines,Selva,972336207,adones@blanes.cat,SIAD,Ajuntament de Blanes,41.66767,2.78433,"{'type': 'Point', 'coordinates': [2.78433, 41.66767]}",760,20
77,Servei d'informació i atenció a les dones (SIAD) de Roses,Carrer,"Tarragona, 83 (Casa del Mar)",17480,Roses,Alt Empordà,Comarques Gironines,Alt Empordà,972252400,acciosocial@roses.cat,SIAD,Ajuntament de Roses,42.26318,3.17819,"{'type': 'Point', 'coordinates': [3.17819, 42.26318]}",363,6
21,Punt d'informació i atenció a les dones (PIAD) de Barcelona - Eixample,Jardins,de Rosa Deulofeu (interior illa),8008,Barcelona,Barcelonès,Metropolità,Barcelonès,936197311,piad_eixample@bcn.cat,PIAD,Ajuntament de Barcelona,41.3954498,2.150181,"{'type': 'Point', 'coordinates': [2.150181, 41.3954498]}",512,29
60,Servei d'informació i atenció a les dones (SIAD) de les Garrigues,Avinguda,"de Francesc Macià, 54",25400,Les Borges Blanques,Garrigues,Ponent,Garrigues,973142658,siad@garrigues.cat,SIAD,Consell Comarcal de les Garrigues,41.51327,0.8765,"{'type': 'Point', 'coordinates': [0.8765, 41.51327]}",807,27
150,Servei d'Intervenció Especialitzada en violència masclista (SIE) del Vallès Occidental - Sabadell,Carrer,"Les Valls, 28, 1r-7a",8201,Sabadell,Vallès Occidental,Metropolità,Vallès Occidental,938528784,bustia.sievoccsabadell@gencat.cat,SIE,Generalitat de Catalunya,41.548582,2.1047991,"{'type': 'Point', 'coordinates': [2.1047991, 41.548582]}",660,26
55,Servei d'informació i atenció a les dones (SIAD) de l'Alt Urgell,Plaça,"de Soldevila, 1, 1a (Centre Cívic del Passeig)",25700,La Seu d'Urgell,Alt Urgell,Alt Pirineu i Aran,Alt Urgell,973354102,igualtat@capau.cat,SIAD,Consell Comarcal de l'Alt Urgell,42.35821,1.46148,"{'type': 'Point', 'coordinates': [1.46148, 42.35821]}",387,5
91,Servei d'informació i atenció a les dones (SIAD) de Santa Coloma de Gramenet,Passeig,"de Llorenç Serra, 64",8921,Santa Coloma de Gramenet,Barcelonès,Metropolità,Barcelonès,934661411,cird@gramenet.cat,SIAD,Ajuntament de Santa Coloma de Gramenet,41.45377,2.2055,"{'type': 'Point', 'coordinates': [2.2055, 41.45377]}",916,29
116,Servei d'informació i atenció a les dones (SIAD) del Pallars Sobirà,Carrer,"del Mig, 9",25560,Sort,Pallars Sobirà,Alt Pirineu i Aran,Pallars Sobirà,973620107,siad@pallarssobira.cat,SIAD,Consell Comarcal del Pallars Sobirà,42.41179,1.13031,"{'type': 'Point', 'coordinates': [1.13031, 42.41179]}",334,2
86,Servei d'informació i atenció a les dones (SIAD) de Sant Feliu de Llobregat,Plaça,"Lluís Companys, 1",8980,Sant Feliu de Llobregat,Baix Llobregat,Metropolità,Baix Llobregat,936858002,pazsm@santfeliu.cat,SIAD,Ajuntament de Sant Feliu de Llobregat,41.37066,2.05612,"{'type': 'Point', 'coordinates': [2.05612, 41.37066]}",669,31
81,Servei d'informació i atenció a les dones (SIAD) de Sant Adrià del Besòs,Carrer,"Escoles, 10, baixos",8930,Sant Adrià de Besòs,Barcelonès,Metropolità,Barcelonès,934621121,ciod@sant-adria.net,SIAD,Ajuntament de Sant Adrià del Besòs,41.42998,2.22098,"{'type': 'Point', 'coordinates': [2.22098, 41.42998]}",841,29
8,Informació i atenció a les dones de Parets del Vallès,Avinguda,"Lluís Companys, núm. 19, 1r",8150,Parets del Vallès,Vallès Oriental,Metropolità,Vallès Oriental,935737979,serveis.socials@parets.cat,IAD,Ajuntament de Parets del Vallès,41.5725275,2.2292229,"{'type': 'Point', 'coordinates': [2.2292229, 41.5725275]}",695,22
45,Servei d'informació i atenció a les dones (SIAD) de la Conca de Barberà,Carrer,"Sant Josep, 18",43400,Montblanc,Conca de Barberà,Camp de Tarragona,Conca de Barberà,977861232,siad@concadebarbera.cat,SIAD,Consell Comarcal de la Conca de Barberà,41.37703,1.16283,"{'type': 'Point', 'coordinates': [1.16283, 41.37703]}",783,28
102,Servei d'informació i atenció a les dones (SIAD) del Bages,Muralla,"Sant Domènec, 24",8241,Manresa,Bages,Comarques Centrals,Bages,936930363,dona@ccbages.cat,SIAD,Consell Comarcal del Bages,182187,1.82187,"{'type': 'Point', 'coordinates': [1.82187, 182187]}",,
107,Servei d'informació i atenció a les dones (SIAD) del Baix Penedès,Plaça,"Andreu Nin, 1-3",43700,El Vendrell,Baix Penedès,Penedès,Baix Penedès,977157177,siad@baixpenedes.cat,SIAD,Consell Comarcal del Baix Penedès,41.22292,1.53482,"{'type': 'Point', 'coordinates': [1.53482, 41.22292]}",456,33
147,Servei d'Intervenció Especialitzada en violència masclista (SIE) del Baix Llobregat - Sant Feliu de Llobregat,Carrer,Joana Raspall 38-40,8980,Sant Feliu de Llobregat,Baix Llobregat,Metropolità,Baix Llobregat,930000521,bustia.siebllsantfeliu@gencat.cat,SIE,Generalitat de Catalunya,41.3771066,2.0452097,"{'type': 'Point', 'coordinates': [2.0452097, 41.3771066]}",844,31
96,Servei d'informació i atenció a les dones (SIAD) de Tortosa,Plaça,"dels Dolors, 1",43500,Tortosa,Baix Ebre,Terres de l'Ebre,Baix Ebre,977445897,siad.coordinacio@tortosa.cat,SIAD,Ajuntament de Tortosa,40.81321,0.52362,"{'type': 'Point', 'coordinates': [0.52362, 40.81321]}",211,40
72,Servei d'informació i atenció a les dones (SIAD) de Palafrugell,Carrer,"Pals, 77",17200,Palafrugell,Baix Empordà,Comarques Gironines,Baix Empordà,972611879,espaidona@palafrugell.net,SIAD,Ajuntament de Palafrugell,41.92097,3.16241,"{'type': 'Point', 'coordinates': [3.16241, 41.92097]}",588,16
111,Servei d'informació i atenció a les dones (SIAD) del Maresme,Plaça,"Miquel Biada, 1",8301,Mataró,Maresme,Metropolità,Maresme,937411622,siadmaresme@ccmaresme.cat,SIAD,Consell Comarcal del Maresme,41.53797,2.43819,"{'type': 'Point', 'coordinates': [2.43819, 41.53797]}",701,25
134,Servei d'Intervenció Especialitzada en violència masclista (SIE) Anoia - Igualada,Carrer,"Milà i Fontanals, 1- C",8700,Igualada,Anoia,Penedès,Anoia,938048265,bustia.sieccigualada@gencat.cat,SIE,Generalitat de Catalunya,41.5819567,1.6085818,"{'type': 'Point', 'coordinates': [1.6085818, 41.5819567]}",595,24
143,Servei d'Intervenció Especialitzada en violència masclista (SIE) de Lleida,Rambla,"de Ferran, 43, baixos",25007,Lleida,Segrià,Ponent,Segrià,973246507,bustia.sielleida@gencat.cat,SIE,Generalitat de Catalunya,41.6192405,0.6290063,"{'type': 'Point', 'coordinates': [0.6290063, 41.6192405]}",875,21
4,Informació i atenció a les dones de la Llagosta,Carrer,"Jaume I, núm. 9",8120,La Llagosta,Vallès Oriental,Metropolità,Vallès Oriental,935451540,llgt.igualtat@llagosta.cat,IAD,Ajuntament de la Llagosta,41.5125963,2.1891866,"{'type': 'Point', 'coordinates': [2.1891866, 41.5125963]}",936,26
85,Servei d'informació i atenció a les dones (SIAD) de Sant Feliu de Guíxols,Plaça,"Salvador Espriu, s/n",17220,Sant Feliu de Guíxols,Baix Empordà,Comarques Gironines,Baix Empordà,972820101,igualtat@guixols.cat,SIAD,Ajuntament de Sant Feliu de Guíxols,41.7921,3.02467,"{'type': 'Point', 'coordinates': [3.02467, 41.7921]}",852,16
41,Servei d'informació i atenció a les dones (SIAD) de Gavà,Carrer,"Generalitat, 7",8850,Gavà,Baix Llobregat,Metropolità,Baix Llobregat,932639222,siad@gava.cat,SIAD,Ajuntament de Gavà,41.30328,2.00458,"{'type': 'Point', 'coordinates': [2.00458, 41.30328]}",559,31
115,Servei d'informació i atenció a les dones (SIAD) del Pallars Jussà,Carrer,"de Soldevila, 18",25620,Tremp,Pallars Jussà,Alt Pirineu i Aran,Pallars Jussà,973650187,siad@pallarsjussa.cat,SIAD,Consell Comarcal del Pallars Jussà,42.16636,0.89478,"{'type': 'Point', 'coordinates': [0.89478, 42.16636]}",305,9
126,Servei d'informació i atenció a les dones (SIAD) del Vallès Oriental,Carrer,"Miquel Ricomà, 46",8401,Granollers,Vallès Oriental,Metropolità,Vallès Oriental,938600706,psi@vallesoriental.cat,SIAD,Consell Comarcal del Vallès Oriental,41.60603,2.2862,"{'type': 'Point', 'coordinates': [2.2862, 41.60603]}",560,22
151,Servei d'Intervenció Especialitzada en violència masclista (SIE) del Vallès Occidental - Terrassa,Carrer,"Cremat, 24, 3r 1a",8221,Terrassa,Vallès Occidental,Metropolità,Vallès Occidental,931190693,bustia.sievoccterrassa@gencat.cat,SIE,Generalitat de Catalunya,41.5626168,2.0082449,"{'type': 'Point', 'coordinates': [2.0082449, 41.5626168]}",862,26
54,Servei d'informació i atenció a les dones (SIAD) de l'Alt Penedès,Carrer,"Hermenegild Clascar, núm. 1-3",8720,Vilafranca del Penedès,Alt Penedès,Penedès,Alt Penedès,938900000,ssocials@ccapenedes.cat,SIAD,Consell Comarcal de l'Alt Penedès,41.34598,1.69626,"{'type': 'Point', 'coordinates': [1.69626, 41.34598]}",940,32
69,Servei d'informació i atenció a les dones (SIAD) de Molins de Rei,Carrer,"Verdaguer, 95, bis (Ca n'Ametller)",8750,Molins de Rei,Baix Llobregat,Metropolità,Baix Llobregat,936803731,eplu@molinsderei.cat,SIAD,Ajuntament de Molins de Rei,41.41518,2.01577,"{'type': 'Point', 'coordinates': [2.01577, 41.41518]}",723,31
27,Punt d'informació i atenció a les dones (PIAD) de Barcelona - Sant Martí,Gran Via,"Corts Catalanes, 837",8018,Barcelona,Barcelonès,Metropolità,Barcelonès,936197311,piad_santmarti@bcn.cat,PIAD,Ajuntament de Barcelona,41.4052293,2.1860195,"{'type': 'Point', 'coordinates': [2.1860195, 41.4052293]}",512,29
157,Servei d'Intervenció Especialitzada en violència masclista (SIE) de Tarragona,Avinguda,"Catalunya, 56",43002,Tarragona,Tarragonès,Camp de Tarragona,Tarragonès,977920406,bustia.sietarragona@gencat.cat,SIE,Generalitat de Catalunya,40.8153996,0.5166096,"{'type': 'Point', 'coordinates': [0.5166096, 40.8153996]}",211,40
100,Servei d'informació i atenció a les dones (SIAD) de Vilanova i la Geltrú,Plaça,"de la Vila, 8",8800,Vilanova i la Geltrú,Garraf,Penedès,Garraf,938169002,equitat@vilanova.cat,SIAD,Ajuntament de Vilanova i la Geltrú,41.22408,1.72594,"{'type': 'Point', 'coordinates': [1.72594, 41.22408]}",412,34
56,Servei d'informació i atenció a les dones (SIAD) de l'Alta Ribagorça,Carrer,"d'Aigüestortes, 12, baixos",25520,El Pont de Suert,Alta Ribagorça,Alt Pirineu i Aran,Alta Ribagorça,973690260,dones@ccar.ddl.net,SIAD,Consell Comarcal de l'Alta Ribagorça,42.4123,0.74075,"{'type': 'Point', 'coordinates': [0.74075, 42.4123]}",300,3
73,Servei d'informació i atenció a les dones (SIAD) de Pineda de Mar,Carrer,"Riera, 31",8397,Pineda de Mar,Maresme,Metropolità,Maresme,937671560 ext 6,siad@pinedademar.org,SIAD,Ajuntament de Pineda de Mar,41.624,2.68823,"{'type': 'Point', 'coordinates': [2.68823, 41.624]}",883,25
25,Punt d'informació i atenció a les dones (PIAD) de Barcelona - Nou Barris,Plaça,"Major de Nou Barris, 1",8042,Barcelona,Barcelonès,Metropolità,Barcelonès,936197311,piad_noubarris@bcn.cat,PIAD,Ajuntament de Barcelona,41.43692,2.1712,"{'type': 'Point', 'coordinates': [2.1712, 41.43692]}",512,29
130,Servei d'informació i atenció a les dones (SIAD) d'Igualada,Avinguda,"de la Pietat, 42-44 (Centre Cívic Fàtima dimarts de 10 a 12h)Trinitat, núm. 12 (dimarts 15:30 a 17:30h)",8700,Igualada,Anoia,Penedès,Anoia,636365631,siad@micod.cat,SIAD,Ajuntament d'Igualada,41.58597,1.60502,"{'type': 'Point', 'coordinates': [1.60502, 41.58597]}",595,24
37,Servei d'informació i atenció a les dones (SIAD) de Castelldefels,Carrer,"Església, 117 baixos",8860,Castelldefels,Baix Llobregat,Metropolità,Baix Llobregat,936651150 ext 504,igualtat@castelldefels.org,SIAD,Ajuntament de Castelldefels,41.28762,1.98504,"{'type': 'Point', 'coordinates': [1.98504, 41.28762]}",539,31
20,Punt d'informació i atenció a les dones (PIAD) de Barcelona - Ciutat Vella,Carrer,"Nou de la Rambla, 45, 4t",8001,Barcelona,Barcelonès,Metropolità,Barcelonès,936197311,piad_ciutatvella@bcn.cat,PIAD,Ajuntament de Barcelona,41.3774306,2.170603,"{'type': 'Point', 'coordinates': [2.170603, 41.3774306]}",512,29
78,Servei d'informació i atenció a les dones (SIAD) de Rubí,Rambleta,"Joan Miró, s/n",8191,Rubí,Vallès Occidental,Metropolità,Vallès Occidental,935813900,siadrubi@ajrubi.es,SIAD,Ajuntament de Rubí,41.48573,2.03048,"{'type': 'Point', 'coordinates': [2.03048, 41.48573]}",908,26
153,Servei d'Intervenció Especialitzada en violència masclista (SIE) del Raval,Carrer,"de la Lluna, 3",8001,Barcelona,Barcelonès,Metropolità,Barcelona,936398589,bustia.sieraval@gencat.cat,SIE,Generalitat de Catalunya,41.380854,2.16399,"{'type': 'Point', 'coordinates': [2.16399, 41.380854]}",512,29
49,Servei d'informació i atenció a les dones (SIAD) de la Segarra,Passeig,"de Jaume Balmes, 3",25200,Cervera,Segarra,Ponent,Segarra,973531300,siad@ccsegarra.cat,SIAD,Consell Comarcal de la Segarra,41.67107,1.27507,"{'type': 'Point', 'coordinates': [1.27507, 41.67107]}",900,19
103,Servei d'informació i atenció a les dones (SIAD) del Baix Camp,Carrer,"Doctor Ferran, 8",43202,Reus,Baix Camp,Camp de Tarragona,Baix Camp,977327155,siad@baixcamp.cat,SIAD,Consell Comarcal del Baix Camp,41.15444,1.10132,"{'type': 'Point', 'coordinates': [1.10132, 41.15444]}",421,39
92,Servei d'informació i atenció a les dones (SIAD) de Santa Perpètua de la Mogoda,Carrer,"Pablo Picasso, núm. 32",8130,Santa Perpètua de Mogoda,Vallès Occidental,Metropolità,Vallès Occidental,650918166,igualtat@santaperpetua.cat  - estebanso@santaperpetua.cat,SIAD,Ajuntament de Santa Perpètua de la Mogoda,41.53231,2.18532,"{'type': 'Point', 'coordinates': [2.18532, 41.53231]}",682,26
108,Servei d'informació i atenció a les dones (SIAD) del Berguedà,Carrer,"Barcelona, núm. 49, 3è",8600,Berga,Berguedà,Comarques Centrals,Berguedà,938213553,siad@ccbergueda.cat,SIAD,Consell Comarcal del Berguedà,42.10439,1.84699,"{'type': 'Point', 'coordinates': [1.84699, 42.10439]}",73,8
46,Servei d'informació i atenció a les dones (SIAD) de la Garrotxa,Plaça,"Palau, 8",17800,Olot,Garrotxa,Comarques Gironines,Garrotxa,972266644,nsantayana@casg.cat,SIAD,Consorci Acció Social de la Garrotxa,42.1830687,2.4935045,"{'type': 'Point', 'coordinates': [2.4935045, 42.1830687]}",294,10
32,Servei d'informació i atenció a les dones (SIAD) de Barberà del Vallès,Carrer,"Nemesií Valls, núm. 35, 2n pis",8210,Barberà del Vallès,Vallès Occidental,Metropolità,Vallès Occidental,937297171 ext 273,siad@bdv.cat,SIAD,Ajuntament de Barberà del Vallès,41.55746,2.1562,"{'type': 'Point', 'coordinates': [2.1562, 41.55746]}",764,26
61,Servei d'informació i atenció a les dones (SIAD) de L'Hospitalet de Llobregat,Plaça,"Can Colom, 1",8902,L'Hospitalet de Llobregat,Barcelonès,Metropolità,Barcelonès,934036270,caid@l-h.cat,SIAD,Ajuntament de L'Hospitalet de Llobregat,41.36947,2.12043,"{'type': 'Point', 'coordinates': [2.12043, 41.36947]}",117,29
117,Servei d'informació i atenció a les dones (SIAD) del Pla de l'Estany,Carrer,"Pere Alsius, 12, 1r",17820,Banyoles,Pla de l'Estany,Comarques Gironines,Pla de l'Estany,972580388,siad@plaestany.cat,SIAD,Consell Comarcal del Pla de l'Estany,42.11604,2.76381,"{'type': 'Point', 'coordinates': [2.76381, 42.11604]}",57,11
146,Servei d'Intervenció Especialitzada en violència masclista (SIE) del Baix Llobregat - Sant Boi de Llobregat,Carrer,"Francesc Macià, 99-101 local.",8830,Sant Boi de Llobregat,Baix Llobregat,Metropolità,Baix Llobregat,931357172,bustia.siebllsantboi@gencat.cat,SIE,Generalitat de Catalunya,41.3391419,2.0421252,"{'type': 'Point', 'coordinates': [2.0421252, 41.3391419]}",496,31
133,Servei d'informació i atenció a les dones (SIAD) d'Amposta,Travessia,"Sant Isidre, 4",43870,Amposta,Montsià,Terres de l'Ebre,Montsià,636385285  /  977702549,apalacios@amposta.cat,SIAD,Ajuntament d'Amposta,40.71257,0.58284,"{'type': 'Point', 'coordinates': [0.58284, 40.71257]}",227,41
9,Informació i atenció a les dones de Sant Sadurní d'Anoia,Plaça,"Germans Segura Viudas, s/n (Centre Vilarnau)",8770,Sant Sadurní d'Anoia,Alt Penedès,Penedès,Alt Penedès,938913029,centrevilarnau@santsadurni.cat,IAD,Ajuntament de Sant Sadurní d'Anoia,41.4333222,1.7804161,"{'type': 'Point', 'coordinates': [1.7804161, 41.4333222]}",918,32
155,Servei d'informació i atenció a les dones (SIAD) de Salt,Carrer,"Àngel Guimerà, 106-108",17190,Salt,Gironès,Comarques Gironines,Gironès,972 23 51 05,siad@cbs.cat,SIAD,Ajuntament de Salt,41.9749,2.7928,"{'type': 'Point', 'coordinates': [2.7928, 41.9749]}",23,14
122,Servei d'informació i atenció a les dones (SIAD) del Segrià,Carrer,"del Canyeret, s/n",25007,Lleida,Segrià,Ponent,Segrià,973054800,siad@segria.cat,SIAD,Consell Comarcal del Segrià,41.61637,0.62704,"{'type': 'Point', 'coordinates': [0.62704, 41.61637]}",875,21
64,Servei d'informació i atenció a les dones (SIAD) de l'Urgell,Carrer,"d'Agoders, 16",25300,Tàrrega,Urgell,Ponent,Urgell,973500707,siad@urgell.cat,SIAD,Consell Comarcal de l'Urgell,41.64676,1.14045,"{'type': 'Point', 'coordinates': [1.14045, 41.64676]}",880,17
87,Servei d'informació i atenció a les dones (SIAD) de Sant Joan Despí,Avinguda,"Barcelona, 41",8970,Sant Joan Despí,Baix Llobregat,Metropolità,Baix Llobregat,934770051,donesdespi@sjdespi.net,SIAD,Ajuntament de Sant Joan Despí,41.36841,2.06304,"{'type': 'Point', 'coordinates': [2.06304, 41.36841]}",669,31
42,Servei d'informació i atenció a les dones (SIAD) de Girona,Carrer,"Joan Reglà, 16, baixos",17003,Girona,Gironès,Comarques Gironines,Gironès,972222478,siad@ajgirona.cat,SIAD,Ajuntament de Girona,41.97125,2.8229,"{'type': 'Point', 'coordinates': [2.8229, 41.97125]}",133,14
152,Servei d'Intervenció Especialitzada en violència masclista (SIE) del Vallès Oriental,Plaça,"de la Corona, 6, 3r",8401,Granollers,Vallès Oriental,Metropolità,Vallès Oriental,935851223,bustia.sievallesoriental@gencat.cat,SIE,Generalitat de Catalunya,41.6057643,2.285726,"{'type': 'Point', 'coordinates': [2.285726, 41.6057643]}",560,22
36,Servei d'informació i atenció a les dones (SIAD) de Castellar del Vallès,Plaça,"Major, s/n (Edifici Mirador)",8211,Castellar del Vallès,Vallès Occidental,Metropolità,Vallès Occidental,937144040,eminguell@castellarvalles.cat,SIAD,Ajuntament de Castellar del Vallès,41.61636,2.08624,"{'type': 'Point', 'coordinates': [2.08624, 41.61636]}",799,26
57,Servei d'informació i atenció a les dones (SIAD) de l'Anoia,Plaça,"de Sant Miquel, 5",8700,Igualada,Anoia,Penedès,Anoia,636365631 - 938051585,igualtat@anoia.cat,SIAD,Consell Comarcal de l'Anoia,41.57801,1.61784,"{'type': 'Point', 'coordinates': [1.61784, 41.57801]}",595,24
28,Punt d'informació i atenció a les dones (PIAD) de Barcelona - Sants-Montjuïc,Pas,"Fructuós Gelabert, 2",8014,Barcelona,Barcelonès,Metropolità,Barcelonès,936197311,piad_santsmontjuic@bcn.cat,PIAD,Ajuntament de Barcelona,41.375292,2.1343718,"{'type': 'Point', 'coordinates': [2.1343718, 41.375292]}",512,29
110,Servei d'informació i atenció a les dones (SIAD) del Gironès - Salt,Carrer,"Àngel Guimerà, 106-108",17190,Salt,Gironès,Comarques Gironines,Gironès,972201962,siad@cbs.cat,SIAD,Consell Comarcal del Gironès,41.9736859,2.7858098,"{'type': 'Point', 'coordinates': [2.7858098, 41.9736859]}",23,14
5,Informació i atenció a les dones de Lliçà d'Amunt,Carrer,"Rafael de Casanova, 8, 1r",8186,Lliça d'Amunt,Vallès Oriental,Metropolità,Vallès Oriental,938607220,suarezvm@llicamunt.cat,IAD,Ajuntament de Lliça d'Amunt,41.6074649,2.2380275,"{'type': 'Point', 'coordinates': [2.2380275, 41.6074649]}",934,22
129,Servei d'informació i atenció a les dones (SIAD) d'Esplugues de Llobregat,Carrer,"Sant Francesc Xavier, 1",8950,Esplugues de Llobregat,Baix Llobregat,Metropolità,Baix Llobregat,933713350,cmanzanal@esplugues.cat -  dones@esplugues.cat,SIAD,Ajuntament d'Esplugues de Llobregat,41.3746,2.08533,"{'type': 'Point', 'coordinates': [2.08533, 41.3746]}",830,31
144,Servei d'Intervenció Especialitzada en violència masclista (SIE) de Mataró - Maresme,Carrer,"Churruca, 88",8301,Mataró,Maresme,Metropolità,Maresme,937961300,bustia.siemataromaresme@gencat.cat,SIE,Generalitat de Catalunya,41.5338914,2.4424547,"{'type': 'Point', 'coordinates': [2.4424547, 41.5338914]}",701,25
84,Servei d'informació i atenció a les dones (SIAD) de Sant Cugat del Vallès,Avinguda,"de Gràcia, 50 (Casa Mònaco)",8172,Sant Cugat del Vallès,Vallès Occidental,Metropolità,Vallès Occidental,935657000,siad@santcugat.cat,SIAD,Ajuntament de Sant Cugat del Vallès,41.46468,2.086,"{'type': 'Point', 'coordinates': [2.086, 41.46468]}",937,26
99,Servei d'informació i atenció a les dones (SIAD) de Vilafranca del Penedès,Plaça,"Penedès, 3, 2n pis",8720,Vilafranca del Penedès,Alt Penedès,Penedès,Alt Penedès,938903218,siad@vilafranca.org,SIAD,Ajuntament de Vilafranca del Penedès,41.34404,1.69945,"{'type': 'Point', 'coordinates': [1.69945, 41.34404]}",940,32
135,Servei d'Intervenció Especialitzada en violència masclista (SIE) de la Catalunya Central - Manresa,Carrer,"Muralla del Carme, 22-24",8241,Manresa,Bages,Comarques Centrals,Bages,93 628 98 91,bustia.sieccmanresa@gencat.cat,SIE,Generalitat de Catalunya,41.7253315,1.8248153,"{'type': 'Point', 'coordinates': [1.8248153, 41.7253315]}",877,18
53,Servei d'informació i atenció a les dones (SIAD) de l'Alt Empordà,Carrer,"Nou, 48",17600,Figueres,Alt Empordà,Comarques Gironines,Alt Empordà,972677050,siad@altemporda.cat,SIAD,Consell Comarcal de l'Alt Empordà,42.26484,2.96358,"{'type': 'Point', 'coordinates': [2.96358, 42.26484]}",191,6
24,Punt d'informació i atenció a les dones (PIAD) de Barcelona - les Corts,Plaça,"Comes, 18",8028,Barcelona,Barcelonès,Metropolità,Barcelonès,936197311,piad_lescorts@bcn.cat,PIAD,Ajuntament de Barcelona,42.0862024,2.29845596895252,"{'type': 'Point', 'coordinates': [2.29845596895252, 42.0862024]}",80,13
74,Servei d'informació i atenció a les dones (SIAD) de Premià de Mar,Carrer,"Joan XXIII, 2-8 (antiga Fàbrica del Gas)",8330,Premià de Mar,Maresme,Metropolità,Maresme,937417404,igualtat@premiademar.cat,SIAD,Ajuntament de Premià de Mar,41.48842,2.35276,"{'type': 'Point', 'coordinates': [2.35276, 41.48842]}",528,25
68,Servei d'informació i atenció a les dones (SIAD) de Mataró,Carrer,"Cosme  Churruca, núm. 88, baixos (entrada per Passatge dels Telers)",8301,Mataró,Maresme,Metropolità,Maresme,937022812,cird@ajmataro.cat - siad@ajmataro.cat,SIAD,Ajuntament de Mataró,41.54332,2.42807,"{'type': 'Point', 'coordinates': [2.42807, 41.54332]}",701,25
95,Servei d'informació i atenció a les dones (SIAD) de Terrassa,Carrer,"Nou de Sant Pere, 36",8221,Terrassa,Vallès Occidental,Metropolità,Vallès Occidental,937397408,polgenere@terrassa.cat,SIAD,Ajuntament de Terrassa,41.56537,2.01374,"{'type': 'Point', 'coordinates': [2.01374, 41.56537]}",862,26
114,Servei d'informació i atenció a les dones (SIAD) del Montsià,Carrer,"Jaume I, 2-4",43870,Amposta,Montsià,Terres de l'Ebre,Montsià,977707496,siad@montsia.cat,SIAD,Consell Comarcal del Montsià,40.71257,0.58284,"{'type': 'Point', 'coordinates': [0.58284, 40.71257]}",227,41
125,Servei d'informació i atenció a les dones (SIAD) del Vallès Occidental,Carretera,"Nacional - 150, km. 15 (Edifici Consell Comarcal)",8227,Terrassa,Vallès Occidental,Metropolità,Vallès Occidental,662959880 / 937273534,cccvoc.genere@cvoc.cat,SIAD,Consell Comarcal del Vallès Occidental,41.55396,2.05352,"{'type': 'Point', 'coordinates': [2.05352, 41.55396]}",862,26
88,Servei d'informació i atenció a les dones (SIAD) de Sant Pere de Ribes,Plaça,"Major, 110 a Ribesde la Vinya d'en Petaca, s/n. A- a Les Roquetes",8810,Sant Pere de Ribes,Garraf,Penedès,Garraf,938967300,torralbare@santperederibes.cat,SIAD,Ajuntament de Sant Pere de Ribes,41.2266,1.74818,"{'type': 'Point', 'coordinates': [1.74818, 41.2266]}",541,34
104,Servei d'informació i atenció a les dones (SIAD) del Baix Ebre,Carrer,"Barcelona, 152",43500,Tortosa,Baix Ebre,Terres de l'Ebre,Baix Ebre,977445308,siad@baixebre.cat,SIAD,Consell Comarcal del Baix Ebre,40.7949,0.52375,"{'type': 'Point', 'coordinates': [0.52375, 40.7949]}",211,40
